Id,IndicatorCode,SpatialDimension,SpatialDimensionValueCode,ParentLocationCode,ParentLocation,TimeDimension,TimeDim,DisaggregatingDimension1,DisaggregatingDimension1ValueCode,DisaggregatingDimension2,DisaggregatingDimension2ValueCode,DisaggregatingDimension3,DisaggregatingDimension3ValueCode,DataSourceDimension,DataSourceDimensionValueCode,Value,NumericValue,Low,High,Comments,Date,TimeDimensionValue,TimeDimensionBegin,TimeDimensionEnd
2365132,SA_0000001842,COUNTRY,LBY,EMR,Eastern Mediterranean,YEAR,2019,SEX,SEX_BTSX,,,,,,,0,0,,,,2025-05-23T08:01:04Z,2019,2019-01-01,2019-12-31
1889715,SA_0000001842,COUNTRY,CRI,AMR,Americas,YEAR,2019,SEX,SEX_BTSX,,,,,,,1.1,1.141307602,,,,2025-05-23T08:01:04Z,2019,2019-01-01,2019-12-31
5094635,SA_0000001842,COUNTRY,YEM,EMR,Eastern Mediterranean,YEAR,2019,SEX,SEX_MLE,,,,,,,0,6.74678e-4,,,,2025-05-23T08:01:04Z,2019,2019-01-01,2019-12-31
4050904,SA_0000001842,COUNTRY,FJI,WPR,Western Pacific,YEAR,2019,SEX,SEX_FMLE,,,,,,,0.7,0.716631983,,,,2025-05-23T08:01:04Z,2019,2019-01-01,2019-12-31
9453227,SA_0000001842,COUNTRY,TZA,AFR,Africa,YEAR,2019,SEX,SEX_FMLE,,,,,,,11.1,11.083221477,,,,2025-05-23T08:01:04Z,2019,2019-01-01,2019-12-31
4985209,SA_0000001842,COUNTRY,GNQ,AFR,Africa,YEAR,2019,SEX,SEX_MLE,,,,,,,5.8,5.802846264,,,,2025-05-23T08:01:04Z,2019,2019-01-01,2019-12-31
4063661,SA_0000001842,COUNTRY,IND,SEAR,South-East Asia,YEAR,2019,SEX,SEX_MLE,,,,,,,9.7,9.738268329,,,,2025-05-23T08:01:04Z,2019,2019-01-01,2019-12-31
7806449,SA_0000001842,COUNTRY,GUY,AMR,Americas,YEAR,2019,SEX,SEX_BTSX,,,,,,,3.2,3.240824371,,,,2025-05-23T08:01:04Z,2019,2019-01-01,2019-12-31
4680147,SA_0000001842,COUNTRY,KGZ,EUR,Europe,YEAR,2019,SEX,SEX_MLE,,,,,,,17.7,17.669754806,,,,2025-05-23T08:01:04Z,2019,2019-01-01,2019-12-31
9351691,SA_0000001842,COUNTRY,MDG,AFR,Africa,YEAR,2019,SEX,SEX_FMLE,,,,,,,0,2.0696e-5,,,,2025-05-23T08:01:04Z,2019,2019-01-01,2019-12-31
5055164,SA_0000001842,COUNTRY,NIC,AMR,Americas,YEAR,2019,SEX,SEX_MLE,,,,,,,4,4.000242242,,,,2025-05-23T08:01:04Z,2019,2019-01-01,2019-12-31
7165410,SA_0000001842,COUNTRY,BEN,AFR,Africa,YEAR,2019,SEX,SEX_BTSX,,,,,,,9.2,9.193136271,,,,2025-05-23T08:01:04Z,2019,2019-01-01,2019-12-31
2734117,SA_0000001842,COUNTRY,IRL,EUR,Europe,YEAR,2019,SEX,SEX_FMLE,,,,,,,1.4,1.421000189,,,,2025-05-23T08:01:04Z,2019,2019-01-01,2019-12-31
2035642,SA_0000001842,COUNTRY,NER,AFR,Africa,YEAR,2019,SEX,SEX_BTSX,,,,,,,0,2e-9,,,,2025-05-23T08:01:04Z,2019,2019-01-01,2019-12-31
9774950,SA_0000001842,COUNTRY,OMN,EMR,Eastern Mediterranean,YEAR,2019,SEX,SEX_MLE,,,,,,,0.1,0.128121978,,,,2025-05-23T08:01:04Z,2019,2019-01-01,2019-12-31
6342852,SA_0000001842,COUNTRY,YEM,EMR,Eastern Mediterranean,YEAR,2019,SEX,SEX_BTSX,,,,,,,0,3.84201e-4,,,,2025-05-23T08:01:04Z,2019,2019-01-01,2019-12-31
4273229,SA_0000001842,COUNTRY,KHM,WPR,Western Pacific,YEAR,2019,SEX,SEX_BTSX,,,,,,,7.1,7.127827194,,,,2025-05-23T08:01:04Z,2019,2019-01-01,2019-12-31
1704915,SA_0000001842,COUNTRY,NPL,SEAR,South-East Asia,YEAR,2019,SEX,SEX_FMLE,,,,,,,0,0.007132932,,,,2025-05-23T08:01:04Z,2019,2019-01-01,2019-12-31
6386861,SA_0000001842,COUNTRY,LBN,EMR,Eastern Mediterranean,YEAR,2019,SEX,SEX_BTSX,,,,,,,2,2.036507229,,,,2025-05-23T08:01:04Z,2019,2019-01-01,2019-12-31
6543392,SA_0000001842,COUNTRY,ZWE,AFR,Africa,YEAR,2019,SEX,SEX_BTSX,,,,,,,8.3,8.272484684,,,,2025-05-23T08:01:04Z,2019,2019-01-01,2019-12-31
4820194,SA_0000001842,COUNTRY,CPV,AFR,Africa,YEAR,2019,SEX,SEX_FMLE,,,,,,,0.6,0.562266418,,,,2025-05-23T08:01:04Z,2019,2019-01-01,2019-12-31
9548787,SA_0000001842,COUNTRY,MOZ,AFR,Africa,YEAR,2019,SEX,SEX_MLE,,,,,,,2.2,2.196006187,,,,2025-05-23T08:01:04Z,2019,2019-01-01,2019-12-31
9567906,SA_0000001842,COUNTRY,NLD,EUR,Europe,YEAR,2019,SEX,SEX_MLE,,,,,,,6.3,6.296734848,,,,2025-05-23T08:01:04Z,2019,2019-01-01,2019-12-31
565264,SA_0000001842,COUNTRY,PRK,SEAR,South-East Asia,YEAR,2019,SEX,SEX_FMLE,,,,,,,0.1,0.063117364,,,,2025-05-23T08:01:04Z,2019,2019-01-01,2019-12-31
5477931,SA_0000001842,COUNTRY,EGY,EMR,Eastern Mediterranean,YEAR,2019,SEX,SEX_FMLE,,,,,,,0,0,,,,2025-05-23T08:01:04Z,2019,2019-01-01,2019-12-31
603539,SA_0000001842,COUNTRY,JOR,EMR,Eastern Mediterranean,YEAR,2019,SEX,SEX_MLE,,,,,,,0,0.005836535,,,,2025-05-23T08:01:04Z,2019,2019-01-01,2019-12-31
1463187,SA_0000001842,COUNTRY,DEU,EUR,Europe,YEAR,2019,SEX,SEX_MLE,,,,,,,10.2,10.230922845,,,,2025-05-23T08:01:04Z,2019,2019-01-01,2019-12-31
1634947,SA_0000001842,COUNTRY,MLI,AFR,Africa,YEAR,2019,SEX,SEX_MLE,,,,,,,20.7,20.685603976,,,,2025-05-23T08:01:04Z,2019,2019-01-01,2019-12-31
1666787,SA_0000001842,COUNTRY,KWT,EMR,Eastern Mediterranean,YEAR,2019,SEX,SEX_BTSX,,,,,,,0,0,,,,2025-05-23T08:01:04Z,2019,2019-01-01,2019-12-31
5973903,SA_0000001842,COUNTRY,SUR,AMR,Americas,YEAR,2019,SEX,SEX_BTSX,,,,,,,5.9,5.907460476,,,,2025-05-23T08:01:04Z,2019,2019-01-01,2019-12-31
6721214,SA_0000001842,COUNTRY,QAT,EMR,Eastern Mediterranean,YEAR,2019,SEX,SEX_FMLE,,,,,,,0,7.13e-7,,,,2025-05-23T08:01:04Z,2019,2019-01-01,2019-12-31
5713649,SA_0000001842,COUNTRY,KAZ,EUR,Europe,YEAR,2019,SEX,SEX_BTSX,,,,,,,7.6,7.623107037,,,,2025-05-23T08:01:04Z,2019,2019-01-01,2019-12-31
1603264,SA_0000001842,COUNTRY,VCT,AMR,Americas,YEAR,2019,SEX,SEX_FMLE,,,,,,,1.1,1.125468141,,,,2025-05-23T08:01:04Z,2019,2019-01-01,2019-12-31
310961,SA_0000001842,COUNTRY,GBR,EUR,Europe,YEAR,2019,SEX,SEX_MLE,,,,,,,8.5,8.491861871,,,,2025-05-23T08:01:04Z,2019,2019-01-01,2019-12-31
6791125,SA_0000001842,COUNTRY,NZL,WPR,Western Pacific,YEAR,2019,SEX,SEX_FMLE,,,,,,,1,0.967859404,,,,2025-05-23T08:01:04Z,2019,2019-01-01,2019-12-31
8200943,SA_0000001842,COUNTRY,IRQ,EMR,Eastern Mediterranean,YEAR,2019,SEX,SEX_BTSX,,,,,,,0,0.001712549,,,,2025-05-23T08:01:04Z,2019,2019-01-01,2019-12-31
5242727,SA_0000001842,COUNTRY,TZA,AFR,Africa,YEAR,2019,SEX,SEX_BTSX,,,,,,,18.7,18.713744134,,,,2025-05-23T08:01:04Z,2019,2019-01-01,2019-12-31
4076595,SA_0000001842,COUNTRY,COD,AFR,Africa,YEAR,2019,SEX,SEX_MLE,,,,,,,0.2,0.19071995,,,,2025-05-23T08:01:04Z,2019,2019-01-01,2019-12-31
5758219,SA_0000001842,COUNTRY,CMR,AFR,Africa,YEAR,2019,SEX,SEX_FMLE,,,,,,,3.9,3.922920394,,,,2025-05-23T08:01:04Z,2019,2019-01-01,2019-12-31
3268176,SA_0000001842,COUNTRY,COG,AFR,Africa,YEAR,2019,SEX,SEX_BTSX,,,,,,,3.3,3.297629767,,,,2025-05-23T08:01:04Z,2019,2019-01-01,2019-12-31
7178442,SA_0000001842,COUNTRY,SAU,EMR,Eastern Mediterranean,YEAR,2019,SEX,SEX_BTSX,,,,,,,0,0,,,,2025-05-23T08:01:04Z,2019,2019-01-01,2019-12-31
6146027,SA_0000001842,COUNTRY,GHA,AFR,Africa,YEAR,2019,SEX,SEX_FMLE,,,,,,,0.5,0.453434965,,,,2025-05-23T08:01:04Z,2019,2019-01-01,2019-12-31
6196942,SA_0000001842,COUNTRY,COL,AMR,Americas,YEAR,2019,SEX,SEX_MLE,,,,,,,5.5,5.508022704,,,,2025-05-23T08:01:04Z,2019,2019-01-01,2019-12-31
7921142,SA_0000001842,COUNTRY,MAR,EMR,Eastern Mediterranean,YEAR,2019,SEX,SEX_BTSX,,,,,,,0.4,0.430596988,,,,2025-05-23T08:01:04Z,2019,2019-01-01,2019-12-31
6930588,SA_0000001842,COUNTRY,BHS,AMR,Americas,YEAR,2019,SEX,SEX_MLE,,,,,,,2.5,2.480181538,,,,2025-05-23T08:01:04Z,2019,2019-01-01,2019-12-31
2798213,SA_0000001842,COUNTRY,KHM,WPR,Western Pacific,YEAR,2019,SEX,SEX_MLE,,,,,,,11.2,11.17209145,,,,2025-05-23T08:01:04Z,2019,2019-01-01,2019-12-31
2975935,SA_0000001842,COUNTRY,SVK,EUR,Europe,YEAR,2019,SEX,SEX_FMLE,,,,,,,2,1.953787617,,,,2025-05-23T08:01:04Z,2019,2019-01-01,2019-12-31
2740872,SA_0000001842,COUNTRY,MWI,AFR,Africa,YEAR,2019,SEX,SEX_BTSX,,,,,,,3.5,3.493175121,,,,2025-05-23T08:01:04Z,2019,2019-01-01,2019-12-31
7673107,SA_0000001842,COUNTRY,HRV,EUR,Europe,YEAR,2019,SEX,SEX_BTSX,,,,,,,4.1,4.098116379,,,,2025-05-23T08:01:04Z,2019,2019-01-01,2019-12-31
7743279,SA_0000001842,COUNTRY,TUV,WPR,Western Pacific,YEAR,2019,SEX,SEX_BTSX,,,,,,,0.1,0.056275945,,,,2025-05-23T08:01:04Z,2019,2019-01-01,2019-12-31
413019,SA_0000001842,COUNTRY,YEM,EMR,Eastern Mediterranean,YEAR,2019,SEX,SEX_FMLE,,,,,,,0,8.4e-8,,,,2025-05-23T08:01:04Z,2019,2019-01-01,2019-12-31
2575832,SA_0000001842,COUNTRY,CYP,EUR,Europe,YEAR,2019,SEX,SEX_MLE,,,,,,,5.7,5.702301664,,,,2025-05-23T08:01:04Z,2019,2019-01-01,2019-12-31
5682096,SA_0000001842,COUNTRY,SYR,EMR,Eastern Mediterranean,YEAR,2019,SEX,SEX_FMLE,,,,,,,0.3,0.318178651,,,,2025-05-23T08:01:04Z,2019,2019-01-01,2019-12-31
3612259,SA_0000001842,COUNTRY,AZE,EUR,Europe,YEAR,2019,SEX,SEX_FMLE,,,,,,,1.5,1.489681179,,,,2025-05-23T08:01:04Z,2019,2019-01-01,2019-12-31
533986,SA_0000001842,COUNTRY,MEX,AMR,Americas,YEAR,2019,SEX,SEX_FMLE,,,,,,,1.2,1.175878327,,,,2025-05-23T08:01:04Z,2019,2019-01-01,2019-12-31
5173162,SA_0000001842,COUNTRY,BLR,EUR,Europe,YEAR,2019,SEX,SEX_MLE,,,,,,,11.7,11.700618407,,,,2025-05-23T08:01:04Z,2019,2019-01-01,2019-12-31
9148658,SA_0000001842,COUNTRY,BLZ,AMR,Americas,YEAR,2019,SEX,SEX_MLE,,,,,,,5,4.973061918,,,,2025-05-23T08:01:04Z,2019,2019-01-01,2019-12-31
5062075,SA_0000001842,COUNTRY,ZAF,AFR,Africa,YEAR,2019,SEX,SEX_MLE,,,,,,,20.3,20.318041168,,,,2025-05-23T08:01:04Z,2019,2019-01-01,2019-12-31
4292736,SA_0000001842,COUNTRY,GBR,EUR,Europe,YEAR,2019,SEX,SEX_BTSX,,,,,,,5.2,5.178036872,,,,2025-05-23T08:01:04Z,2019,2019-01-01,2019-12-31
4661582,SA_0000001842,COUNTRY,AND,EUR,Europe,YEAR,2019,SEX,SEX_BTSX,,,,,,,4.7,4.742834926,,,,2025-05-23T08:01:04Z,2019,2019-01-01,2019-12-31
2766515,SA_0000001842,COUNTRY,TZA,AFR,Africa,YEAR,2019,SEX,SEX_MLE,,,,,,,24.9,24.919238913,,,,2025-05-23T08:01:04Z,2019,2019-01-01,2019-12-31
2131829,SA_0000001842,COUNTRY,SYR,EMR,Eastern Mediterranean,YEAR,2019,SEX,SEX_BTSX,,,,,,,2.3,2.267241932,,,,2025-05-23T08:01:04Z,2019,2019-01-01,2019-12-31
7298995,SA_0000001842,COUNTRY,TKM,EUR,Europe,YEAR,2019,SEX,SEX_FMLE,,,,,,,1.8,1.783636145,,,,2025-05-23T08:01:04Z,2019,2019-01-01,2019-12-31
3542244,SA_0000001842,COUNTRY,VEN,AMR,Americas,YEAR,2019,SEX,SEX_BTSX,,,,,,,0.4,0.426843037,,,,2025-05-23T08:01:04Z,2019,2019-01-01,2019-12-31
6470358,SA_0000001842,COUNTRY,RWA,AFR,Africa,YEAR,2019,SEX,SEX_FMLE,,,,,,,0.2,0.174690606,,,,2025-05-23T08:01:04Z,2019,2019-01-01,2019-12-31
7146886,SA_0000001842,COUNTRY,MMR,SEAR,South-East Asia,YEAR,2019,SEX,SEX_MLE,,,,,,,0.6,0.554589845,,,,2025-05-23T08:01:04Z,2019,2019-01-01,2019-12-31
7280055,SA_0000001842,COUNTRY,VUT,WPR,Western Pacific,YEAR,2019,SEX,SEX_BTSX,,,,,,,0.7,0.698349119,,,,2025-05-23T08:01:04Z,2019,2019-01-01,2019-12-31
6582203,SA_0000001842,COUNTRY,DMA,AMR,Americas,YEAR,2019,SEX,SEX_FMLE,,,,,,,0.6,0.614009529,,,,2025-05-23T08:01:04Z,2019,2019-01-01,2019-12-31
1597292,SA_0000001842,COUNTRY,WSM,WPR,Western Pacific,YEAR,2019,SEX,SEX_MLE,,,,,,,1.8,1.83375131,,,,2025-05-23T08:01:04Z,2019,2019-01-01,2019-12-31
5005086,SA_0000001842,COUNTRY,CHE,EUR,Europe,YEAR,2019,SEX,SEX_MLE,,,,,,,7.6,7.61430127,,,,2025-05-23T08:01:04Z,2019,2019-01-01,2019-12-31
8233116,SA_0000001842,COUNTRY,NAM,AFR,Africa,YEAR,2019,SEX,SEX_MLE,,,,,,,15.5,15.502308557,,,,2025-05-23T08:01:04Z,2019,2019-01-01,2019-12-31
5351112,SA_0000001842,COUNTRY,BIH,EUR,Europe,YEAR,2019,SEX,SEX_MLE,,,,,,,8.5,8.524977119,,,,2025-05-23T08:01:04Z,2019,2019-01-01,2019-12-31
6987917,SA_0000001842,COUNTRY,MDA,EUR,Europe,YEAR,2019,SEX,SEX_MLE,,,,,,,11.4,11.350034881,,,,2025-05-23T08:01:04Z,2019,2019-01-01,2019-12-31
8684589,SA_0000001842,COUNTRY,NIU,WPR,Western Pacific,YEAR,2019,SEX,SEX_MLE,,,,,,,17.6,17.598721883,,,,2025-05-23T08:01:04Z,2019,2019-01-01,2019-12-31
5561445,SA_0000001842,COUNTRY,MDG,AFR,Africa,YEAR,2019,SEX,SEX_MLE,,,,,,,0,0.014101297,,,,2025-05-23T08:01:04Z,2019,2019-01-01,2019-12-31
7324129,SA_0000001842,COUNTRY,ATG,AMR,Americas,YEAR,2019,SEX,SEX_FMLE,,,,,,,1.9,1.882866742,,,,2025-05-23T08:01:04Z,2019,2019-01-01,2019-12-31
3580598,SA_0000001842,COUNTRY,LTU,EUR,Europe,YEAR,2019,SEX,SEX_FMLE,,,,,,,2.3,2.273759405,,,,2025-05-23T08:01:04Z,2019,2019-01-01,2019-12-31
3892833,SA_0000001842,COUNTRY,GNQ,AFR,Africa,YEAR,2019,SEX,SEX_FMLE,,,,,,,0.7,0.737031084,,,,2025-05-23T08:01:04Z,2019,2019-01-01,2019-12-31
6337206,SA_0000001842,COUNTRY,GAB,AFR,Africa,YEAR,2019,SEX,SEX_MLE,,,,,,,7.4,7.369834311,,,,2025-05-23T08:01:04Z,2019,2019-01-01,2019-12-31
6645537,SA_0000001842,COUNTRY,SRB,EUR,Europe,YEAR,2019,SEX,SEX_MLE,,,,,,,6.6,6.559898748,,,,2025-05-23T08:01:04Z,2019,2019-01-01,2019-12-31
2246463,SA_0000001842,COUNTRY,SGP,WPR,Western Pacific,YEAR,2019,SEX,SEX_FMLE,,,,,,,0,2.96e-6,,,,2025-05-23T08:01:04Z,2019,2019-01-01,2019-12-31
9180772,SA_0000001842,COUNTRY,LCA,AMR,Americas,YEAR,2019,SEX,SEX_FMLE,,,,,,,2.7,2.714572323,,,,2025-05-23T08:01:04Z,2019,2019-01-01,2019-12-31
5383064,SA_0000001842,COUNTRY,OMN,EMR,Eastern Mediterranean,YEAR,2019,SEX,SEX_FMLE,,,,,,,0,8.80444e-4,,,,2025-05-23T08:01:04Z,2019,2019-01-01,2019-12-31
2531517,SA_0000001842,COUNTRY,THA,SEAR,South-East Asia,YEAR,2019,SEX,SEX_MLE,,,,,,,10.2,10.155456323,,,,2025-05-23T08:01:04Z,2019,2019-01-01,2019-12-31
8907179,SA_0000001842,COUNTRY,MDA,EUR,Europe,YEAR,2019,SEX,SEX_BTSX,,,,,,,7.1,7.132576295,,,,2025-05-23T08:01:04Z,2019,2019-01-01,2019-12-31
1743914,SA_0000001842,COUNTRY,MRT,AFR,Africa,YEAR,2019,SEX,SEX_MLE,,,,,,,0,0,,,,2025-05-23T08:01:04Z,2019,2019-01-01,2019-12-31
3899303,SA_0000001842,COUNTRY,GRD,AMR,Americas,YEAR,2019,SEX,SEX_FMLE,,,,,,,1.6,1.636460292,,,,2025-05-23T08:01:04Z,2019,2019-01-01,2019-12-31
9168080,SA_0000001842,COUNTRY,PER,AMR,Americas,YEAR,2019,SEX,SEX_MLE,,,,,,,5.1,5.130466746,,,,2025-05-23T08:01:04Z,2019,2019-01-01,2019-12-31
7616197,SA_0000001842,COUNTRY,CHN,WPR,Western Pacific,YEAR,2019,SEX,SEX_FMLE,,,,,,,0.1,0.123301647,,,,2025-05-23T08:01:04Z,2019,2019-01-01,2019-12-31
1743933,SA_0000001842,COUNTRY,USA,AMR,Americas,YEAR,2019,SEX,SEX_MLE,,,,,,,8,8.033997461,,,,2025-05-23T08:01:04Z,2019,2019-01-01,2019-12-31
254233,SA_0000001842,COUNTRY,ARM,EUR,Europe,YEAR,2019,SEX,SEX_BTSX,,,,,,,2.8,2.831855828,,,,2025-05-23T08:01:04Z,2019,2019-01-01,2019-12-31
337105,SA_0000001842,COUNTRY,VUT,WPR,Western Pacific,YEAR,2019,SEX,SEX_MLE,,,,,,,1.2,1.218334788,,,,2025-05-23T08:01:04Z,2019,2019-01-01,2019-12-31
349877,SA_0000001842,COUNTRY,CUB,AMR,Americas,YEAR,2019,SEX,SEX_MLE,,,,,,,5.8,5.785297543,,,,2025-05-23T08:01:04Z,2019,2019-01-01,2019-12-31
2195669,SA_0000001842,COUNTRY,MDV,SEAR,South-East Asia,YEAR,2019,SEX,SEX_BTSX,,,,,,,10.1,10.107937828,,,,2025-05-23T08:01:04Z,2019,2019-01-01,2019-12-31
5262489,SA_0000001842,COUNTRY,EGY,EMR,Eastern Mediterranean,YEAR,2019,SEX,SEX_BTSX,,,,,,,0,1.089e-6,,,,2025-05-23T08:01:04Z,2019,2019-01-01,2019-12-31
3504304,SA_0000001842,COUNTRY,SWE,EUR,Europe,YEAR,2019,SEX,SEX_MLE,,,,,,,6.3,6.299574866,,,,2025-05-23T08:01:04Z,2019,2019-01-01,2019-12-31
7489578,SA_0000001842,COUNTRY,NOR,EUR,Europe,YEAR,2019,SEX,SEX_BTSX,,,,,,,1.6,1.595381699,,,,2025-05-23T08:01:04Z,2019,2019-01-01,2019-12-31
6025792,SA_0000001842,COUNTRY,NRU,WPR,Western Pacific,YEAR,2019,SEX,SEX_BTSX,,,,,,,1.4,1.405159322,,,,2025-05-23T08:01:04Z,2019,2019-01-01,2019-12-31
8297089,SA_0000001842,COUNTRY,NGA,AFR,Africa,YEAR,2019,SEX,SEX_MLE,,,,,,,9.5,9.503858436,,,,2025-05-23T08:01:04Z,2019,2019-01-01,2019-12-31
5268916,SA_0000001842,COUNTRY,PER,AMR,Americas,YEAR,2019,SEX,SEX_FMLE,,,,,,,0.6,0.586720923,,,,2025-05-23T08:01:04Z,2019,2019-01-01,2019-12-31
4687512,SA_0000001842,COUNTRY,NZL,WPR,Western Pacific,YEAR,2019,SEX,SEX_MLE,,,,,,,6.8,6.843484492,,,,2025-05-23T08:01:04Z,2019,2019-01-01,2019-12-31
1337216,SA_0000001842,COUNTRY,SVN,EUR,Europe,YEAR,2019,SEX,SEX_MLE,,,,,,,10.6,10.608143665,,,,2025-05-23T08:01:04Z,2019,2019-01-01,2019-12-31
547259,SA_0000001842,COUNTRY,MWI,AFR,Africa,YEAR,2019,SEX,SEX_FMLE,,,,,,,0.7,0.73151188,,,,2025-05-23T08:01:04Z,2019,2019-01-01,2019-12-31
9926982,SA_0000001842,COUNTRY,GAB,AFR,Africa,YEAR,2019,SEX,SEX_BTSX,,,,,,,4.5,4.492988696,,,,2025-05-23T08:01:04Z,2019,2019-01-01,2019-12-31
3905853,SA_0000001842,COUNTRY,EST,EUR,Europe,YEAR,2019,SEX,SEX_BTSX,,,,,,,6.1,6.137467816,,,,2025-05-23T08:01:04Z,2019,2019-01-01,2019-12-31
6550741,SA_0000001842,COUNTRY,SLB,WPR,Western Pacific,YEAR,2019,SEX,SEX_FMLE,,,,,,,0,0.006074253,,,,2025-05-23T08:01:04Z,2019,2019-01-01,2019-12-31
5095731,SA_0000001842,COUNTRY,BEL,EUR,Europe,YEAR,2019,SEX,SEX_MLE,,,,,,,7.7,7.702017967,,,,2025-05-23T08:01:04Z,2019,2019-01-01,2019-12-31
8417817,SA_0000001842,COUNTRY,AFG,EMR,Eastern Mediterranean,YEAR,2019,SEX,SEX_FMLE,,,,,,,0,0,,,,2025-05-23T08:01:04Z,2019,2019-01-01,2019-12-31
994042,SA_0000001842,COUNTRY,ERI,AFR,Africa,YEAR,2019,SEX,SEX_FMLE,,,,,,,0.1,0.053854774,,,,2025-05-23T08:01:04Z,2019,2019-01-01,2019-12-31
9130134,SA_0000001842,COUNTRY,RWA,AFR,Africa,YEAR,2019,SEX,SEX_MLE,,,,,,,2.6,2.569963482,,,,2025-05-23T08:01:04Z,2019,2019-01-01,2019-12-31
1432499,SA_0000001842,COUNTRY,SLE,AFR,Africa,YEAR,2019,SEX,SEX_MLE,,,,,,,0,2.58e-7,,,,2025-05-23T08:01:04Z,2019,2019-01-01,2019-12-31
3370772,SA_0000001842,COUNTRY,EST,EUR,Europe,YEAR,2019,SEX,SEX_MLE,,,,,,,9.9,9.945045799,,,,2025-05-23T08:01:04Z,2019,2019-01-01,2019-12-31
4515677,SA_0000001842,COUNTRY,MKD,EUR,Europe,YEAR,2019,SEX,SEX_FMLE,,,,,,,0.5,0.503201897,,,,2025-05-23T08:01:04Z,2019,2019-01-01,2019-12-31
7947517,SA_0000001842,COUNTRY,ARG,AMR,Americas,YEAR,2019,SEX,SEX_FMLE,,,,,,,0.5,0.538508673,,,,2025-05-23T08:01:04Z,2019,2019-01-01,2019-12-31
3893322,SA_0000001842,COUNTRY,GTM,AMR,Americas,YEAR,2019,SEX,SEX_MLE,,,,,,,0.2,0.167993348,,,,2025-05-23T08:01:04Z,2019,2019-01-01,2019-12-31
7077291,SA_0000001842,COUNTRY,SEN,AFR,Africa,YEAR,2019,SEX,SEX_BTSX,,,,,,,0,0.017583882,,,,2025-05-23T08:01:04Z,2019,2019-01-01,2019-12-31
5714632,SA_0000001842,COUNTRY,SRB,EUR,Europe,YEAR,2019,SEX,SEX_FMLE,,,,,,,0.9,0.916068034,,,,2025-05-23T08:01:04Z,2019,2019-01-01,2019-12-31
9085763,SA_0000001842,COUNTRY,BRN,WPR,Western Pacific,YEAR,2019,SEX,SEX_BTSX,,,,,,,0,1e-9,,,,2025-05-23T08:01:04Z,2019,2019-01-01,2019-12-31
9725102,SA_0000001842,COUNTRY,SDN,EMR,Eastern Mediterranean,YEAR,2019,SEX,SEX_FMLE,,,,,,,0,0,,,,2025-05-23T08:01:04Z,2019,2019-01-01,2019-12-31
4089944,SA_0000001842,COUNTRY,DEU,EUR,Europe,YEAR,2019,SEX,SEX_FMLE,,,,,,,2,1.994356763,,,,2025-05-23T08:01:04Z,2019,2019-01-01,2019-12-31
8386734,SA_0000001842,COUNTRY,SLV,AMR,Americas,YEAR,2019,SEX,SEX_FMLE,,,,,,,0.2,0.242271659,,,,2025-05-23T08:01:04Z,2019,2019-01-01,2019-12-31
5740208,SA_0000001842,COUNTRY,SAU,EMR,Eastern Mediterranean,YEAR,2019,SEX,SEX_FMLE,,,,,,,0,0,,,,2025-05-23T08:01:04Z,2019,2019-01-01,2019-12-31
1738040,SA_0000001842,COUNTRY,NLD,EUR,Europe,YEAR,2019,SEX,SEX_FMLE,,,,,,,0.8,0.839730085,,,,2025-05-23T08:01:04Z,2019,2019-01-01,2019-12-31
3836092,SA_0000001842,COUNTRY,NOR,EUR,Europe,YEAR,2019,SEX,SEX_FMLE,,,,,,,0.2,0.206381504,,,,2025-05-23T08:01:04Z,2019,2019-01-01,2019-12-31
2525680,SA_0000001842,COUNTRY,CIV,AFR,Africa,YEAR,2019,SEX,SEX_FMLE,,,,,,,0.3,0.261396217,,,,2025-05-23T08:01:04Z,2019,2019-01-01,2019-12-31
1217053,SA_0000001842,COUNTRY,PAN,AMR,Americas,YEAR,2019,SEX,SEX_FMLE,,,,,,,1.3,1.338953571,,,,2025-05-23T08:01:04Z,2019,2019-01-01,2019-12-31
3320195,SA_0000001842,COUNTRY,COL,AMR,Americas,YEAR,2019,SEX,SEX_FMLE,,,,,,,0.7,0.669575734,,,,2025-05-23T08:01:04Z,2019,2019-01-01,2019-12-31
2735448,SA_0000001842,COUNTRY,SYC,AFR,Africa,YEAR,2019,SEX,SEX_BTSX,,,,,,,8.5,8.490336469,,,,2025-05-23T08:01:04Z,2019,2019-01-01,2019-12-31
7268046,SA_0000001842,COUNTRY,ARE,EMR,Eastern Mediterranean,YEAR,2019,SEX,SEX_FMLE,,,,,,,2.1,2.10553379,,,,2025-05-23T08:01:04Z,2019,2019-01-01,2019-12-31
7368997,SA_0000001842,COUNTRY,ROU,EUR,Europe,YEAR,2019,SEX,SEX_BTSX,,,,,,,11.6,11.594141808,,,,2025-05-23T08:01:04Z,2019,2019-01-01,2019-12-31
3173640,SA_0000001842,COUNTRY,AFG,EMR,Eastern Mediterranean,YEAR,2019,SEX,SEX_MLE,,,,,,,0,0,,,,2025-05-23T08:01:04Z,2019,2019-01-01,2019-12-31
7420071,SA_0000001842,COUNTRY,ZMB,AFR,Africa,YEAR,2019,SEX,SEX_FMLE,,,,,,,0.4,0.387143861,,,,2025-05-23T08:01:04Z,2019,2019-01-01,2019-12-31
5842008,SA_0000001842,COUNTRY,TUN,EMR,Eastern Mediterranean,YEAR,2019,SEX,SEX_BTSX,,,,,,,9.7,9.653370935,,,,2025-05-23T08:01:04Z,2019,2019-01-01,2019-12-31
1204376,SA_0000001842,COUNTRY,GRC,EUR,Europe,YEAR,2019,SEX,SEX_FMLE,,,,,,,0.3,0.339973589,,,,2025-05-23T08:01:04Z,2019,2019-01-01,2019-12-31
3466605,SA_0000001842,COUNTRY,GMB,AFR,Africa,YEAR,2019,SEX,SEX_BTSX,,,,,,,0,0.028152767,,,,2025-05-23T08:01:04Z,2019,2019-01-01,2019-12-31
344016,SA_0000001842,COUNTRY,THA,SEAR,South-East Asia,YEAR,2019,SEX,SEX_BTSX,,,,,,,6.5,6.500760948,,,,2025-05-23T08:01:04Z,2019,2019-01-01,2019-12-31
3944532,SA_0000001842,COUNTRY,AUT,EUR,Europe,YEAR,2019,SEX,SEX_BTSX,,,,,,,6.3,6.263451755,,,,2025-05-23T08:01:04Z,2019,2019-01-01,2019-12-31
1540816,SA_0000001842,COUNTRY,SLE,AFR,Africa,YEAR,2019,SEX,SEX_FMLE,,,,,,,0,0,,,,2025-05-23T08:01:04Z,2019,2019-01-01,2019-12-31
6140774,SA_0000001842,COUNTRY,COM,AFR,Africa,YEAR,2019,SEX,SEX_FMLE,,,,,,,4.4,4.416565275,,,,2025-05-23T08:01:04Z,2019,2019-01-01,2019-12-31
2500523,SA_0000001842,COUNTRY,LVA,EUR,Europe,YEAR,2019,SEX,SEX_MLE,,,,,,,13.1,13.126550344,,,,2025-05-23T08:01:04Z,2019,2019-01-01,2019-12-31
7020262,SA_0000001842,COUNTRY,AND,EUR,Europe,YEAR,2019,SEX,SEX_MLE,,,,,,,7.8,7.827831935,,,,2025-05-23T08:01:04Z,2019,2019-01-01,2019-12-31
8678980,SA_0000001842,COUNTRY,SVK,EUR,Europe,YEAR,2019,SEX,SEX_MLE,,,,,,,10.1,10.088389756,,,,2025-05-23T08:01:04Z,2019,2019-01-01,2019-12-31
4389234,SA_0000001842,COUNTRY,OMN,EMR,Eastern Mediterranean,YEAR,2019,SEX,SEX_BTSX,,,,,,,0.1,0.072768409,,,,2025-05-23T08:01:04Z,2019,2019-01-01,2019-12-31
7490142,SA_0000001842,COUNTRY,DMA,AMR,Americas,YEAR,2019,SEX,SEX_BTSX,,,,,,,3.1,3.05525297,,,,2025-05-23T08:01:04Z,2019,2019-01-01,2019-12-31
4840690,SA_0000001842,COUNTRY,CAF,AFR,Africa,YEAR,2019,SEX,SEX_MLE,,,,,,,0.3,0.332271491,,,,2025-05-23T08:01:04Z,2019,2019-01-01,2019-12-31
6178947,SA_0000001842,COUNTRY,IRN,EMR,Eastern Mediterranean,YEAR,2019,SEX,SEX_BTSX,,,,,,,9.2,9.241593171,,,,2025-05-23T08:01:04Z,2019,2019-01-01,2019-12-31
3479384,SA_0000001842,COUNTRY,HND,AMR,Americas,YEAR,2019,SEX,SEX_FMLE,,,,,,,0.1,0.133848281,,,,2025-05-23T08:01:04Z,2019,2019-01-01,2019-12-31
6766944,SA_0000001842,COUNTRY,NIU,WPR,Western Pacific,YEAR,2019,SEX,SEX_BTSX,,,,,,,10.8,10.781472592,,,,2025-05-23T08:01:04Z,2019,2019-01-01,2019-12-31
4090210,SA_0000001842,COUNTRY,MMR,SEAR,South-East Asia,YEAR,2019,SEX,SEX_FMLE,,,,,,,0,0.01243082,,,,2025-05-23T08:01:04Z,2019,2019-01-01,2019-12-31
5345598,SA_0000001842,COUNTRY,NAM,AFR,Africa,YEAR,2019,SEX,SEX_BTSX,,,,,,,10.4,10.420226192,,,,2025-05-23T08:01:04Z,2019,2019-01-01,2019-12-31
3288605,SA_0000001842,COUNTRY,VUT,WPR,Western Pacific,YEAR,2019,SEX,SEX_FMLE,,,,,,,0,0.047125067,,,,2025-05-23T08:01:04Z,2019,2019-01-01,2019-12-31
4344795,SA_0000001842,COUNTRY,CZE,EUR,Europe,YEAR,2019,SEX,SEX_MLE,,,,,,,12.8,12.779698058,,,,2025-05-23T08:01:04Z,2019,2019-01-01,2019-12-31
9959409,SA_0000001842,COUNTRY,SGP,WPR,Western Pacific,YEAR,2019,SEX,SEX_BTSX,,,,,,,0,0.002339247,,,,2025-05-23T08:01:04Z,2019,2019-01-01,2019-12-31
3161253,SA_0000001842,COUNTRY,BHR,EMR,Eastern Mediterranean,YEAR,2019,SEX,SEX_BTSX,,,,,,,0.3,0.293113201,,,,2025-05-23T08:01:04Z,2019,2019-01-01,2019-12-31
5186838,SA_0000001842,COUNTRY,FRA,EUR,Europe,YEAR,2019,SEX,SEX_FMLE,,,,,,,1.8,1.848216044,,,,2025-05-23T08:01:04Z,2019,2019-01-01,2019-12-31
2919898,SA_0000001842,COUNTRY,ISR,EUR,Europe,YEAR,2019,SEX,SEX_MLE,,,,,,,0.3,0.291299615,,,,2025-05-23T08:01:04Z,2019,2019-01-01,2019-12-31
2050071,SA_0000001842,COUNTRY,LUX,EUR,Europe,YEAR,2019,SEX,SEX_FMLE,,,,,,,1.2,1.236483379,,,,2025-05-23T08:01:04Z,2019,2019-01-01,2019-12-31
4096739,SA_0000001842,COUNTRY,HTI,AMR,Americas,YEAR,2019,SEX,SEX_MLE,,,,,,,1.3,1.345442916,,,,2025-05-23T08:01:04Z,2019,2019-01-01,2019-12-31
573233,SA_0000001842,COUNTRY,BGR,EUR,Europe,YEAR,2019,SEX,SEX_FMLE,,,,,,,3.2,3.158733184,,,,2025-05-23T08:01:04Z,2019,2019-01-01,2019-12-31
8405812,SA_0000001842,COUNTRY,KOR,WPR,Western Pacific,YEAR,2019,SEX,SEX_BTSX,,,,,,,2.9,2.947502583,,,,2025-05-23T08:01:04Z,2019,2019-01-01,2019-12-31
5588005,SA_0000001842,COUNTRY,MOZ,AFR,Africa,YEAR,2019,SEX,SEX_FMLE,,,,,,,0.1,0.130161762,,,,2025-05-23T08:01:04Z,2019,2019-01-01,2019-12-31
7801894,SA_0000001842,COUNTRY,BLR,EUR,Europe,YEAR,2019,SEX,SEX_FMLE,,,,,,,2.6,2.568788293,,,,2025-05-23T08:01:04Z,2019,2019-01-01,2019-12-31
5186956,SA_0000001842,COUNTRY,SOM,EMR,Eastern Mediterranean,YEAR,2019,SEX,SEX_BTSX,,,,,,,0,0,,,,2025-05-23T08:01:04Z,2019,2019-01-01,2019-12-31
2570789,SA_0000001842,COUNTRY,MDG,AFR,Africa,YEAR,2019,SEX,SEX_BTSX,,,,,,,0,0.007804748,,,,2025-05-23T08:01:04Z,2019,2019-01-01,2019-12-31
9372594,SA_0000001842,COUNTRY,ITA,EUR,Europe,YEAR,2019,SEX,SEX_BTSX,,,,,,,2.9,2.878310076,,,,2025-05-23T08:01:04Z,2019,2019-01-01,2019-12-31
465311,SA_0000001842,COUNTRY,DZA,AFR,Africa,YEAR,2019,SEX,SEX_MLE,,,,,,,0.7,0.668749553,,,,2025-05-23T08:01:04Z,2019,2019-01-01,2019-12-31
9965024,SA_0000001842,COUNTRY,STP,AFR,Africa,YEAR,2019,SEX,SEX_FMLE,,,,,,,0.3,0.341207818,,,,2025-05-23T08:01:04Z,2019,2019-01-01,2019-12-31
5326919,SA_0000001842,COUNTRY,GNQ,AFR,Africa,YEAR,2019,SEX,SEX_BTSX,,,,,,,3.5,3.54374392,,,,2025-05-23T08:01:04Z,2019,2019-01-01,2019-12-31
9693896,SA_0000001842,COUNTRY,BIH,EUR,Europe,YEAR,2019,SEX,SEX_FMLE,,,,,,,1.5,1.460798418,,,,2025-05-23T08:01:04Z,2019,2019-01-01,2019-12-31
1363599,SA_0000001842,COUNTRY,FSM,WPR,Western Pacific,YEAR,2019,SEX,SEX_FMLE,,,,,,,0.1,0.054735052,,,,2025-05-23T08:01:04Z,2019,2019-01-01,2019-12-31
6862387,SA_0000001842,COUNTRY,LAO,WPR,Western Pacific,YEAR,2019,SEX,SEX_FMLE,,,,,,,4.2,4.245268959,,,,2025-05-23T08:01:04Z,2019,2019-01-01,2019-12-31
6969924,SA_0000001842,COUNTRY,KGZ,EUR,Europe,YEAR,2019,SEX,SEX_BTSX,,,,,,,12.3,12.300410963,,,,2025-05-23T08:01:04Z,2019,2019-01-01,2019-12-31
5638886,SA_0000001842,COUNTRY,MUS,AFR,Africa,YEAR,2019,SEX,SEX_MLE,,,,,,,11,11.007695519,,,,2025-05-23T08:01:04Z,2019,2019-01-01,2019-12-31
4427438,SA_0000001842,COUNTRY,CYP,EUR,Europe,YEAR,2019,SEX,SEX_FMLE,,,,,,,0.7,0.714791882,,,,2025-05-23T08:01:04Z,2019,2019-01-01,2019-12-31
9124555,SA_0000001842,COUNTRY,GTM,AMR,Americas,YEAR,2019,SEX,SEX_BTSX,,,,,,,0.1,0.092871238,,,,2025-05-23T08:01:04Z,2019,2019-01-01,2019-12-31
3804898,SA_0000001842,COUNTRY,ATG,AMR,Americas,YEAR,2019,SEX,SEX_BTSX,,,,,,,6.1,6.144860492,,,,2025-05-23T08:01:04Z,2019,2019-01-01,2019-12-31
8775101,SA_0000001842,COUNTRY,DZA,AFR,Africa,YEAR,2019,SEX,SEX_BTSX,,,,,,,0.4,0.386155456,,,,2025-05-23T08:01:04Z,2019,2019-01-01,2019-12-31
3868511,SA_0000001842,COUNTRY,RUS,EUR,Europe,YEAR,2019,SEX,SEX_MLE,,,,,,,12.9,12.859141576,,,,2025-05-23T08:01:04Z,2019,2019-01-01,2019-12-31
7553868,SA_0000001842,COUNTRY,KWT,EMR,Eastern Mediterranean,YEAR,2019,SEX,SEX_MLE,,,,,,,0,0,,,,2025-05-23T08:01:04Z,2019,2019-01-01,2019-12-31
4860036,SA_0000001842,COUNTRY,ESP,EUR,Europe,YEAR,2019,SEX,SEX_MLE,,,,,,,8.7,8.66401262,,,,2025-05-23T08:01:04Z,2019,2019-01-01,2019-12-31
7852481,SA_0000001842,COUNTRY,JAM,AMR,Americas,YEAR,2019,SEX,SEX_BTSX,,,,,,,0.9,0.873328887,,,,2025-05-23T08:01:04Z,2019,2019-01-01,2019-12-31
3766650,SA_0000001842,COUNTRY,ROU,EUR,Europe,YEAR,2019,SEX,SEX_FMLE,,,,,,,5.3,5.265471499,,,,2025-05-23T08:01:04Z,2019,2019-01-01,2019-12-31
884939,SA_0000001842,COUNTRY,IRQ,EMR,Eastern Mediterranean,YEAR,2019,SEX,SEX_FMLE,,,,,,,0,1.213e-6,,,,2025-05-23T08:01:04Z,2019,2019-01-01,2019-12-31
2844143,SA_0000001842,COUNTRY,MNG,WPR,Western Pacific,YEAR,2019,SEX,SEX_FMLE,,,,,,,1.4,1.351600944,,,,2025-05-23T08:01:04Z,2019,2019-01-01,2019-12-31
3416207,SA_0000001842,COUNTRY,HUN,EUR,Europe,YEAR,2019,SEX,SEX_MLE,,,,,,,9.4,9.358131126,,,,2025-05-23T08:01:04Z,2019,2019-01-01,2019-12-31
8017895,SA_0000001842,COUNTRY,ESP,EUR,Europe,YEAR,2019,SEX,SEX_BTSX,,,,,,,5.3,5.312388775,,,,2025-05-23T08:01:04Z,2019,2019-01-01,2019-12-31
5409786,SA_0000001842,COUNTRY,DOM,AMR,Americas,YEAR,2019,SEX,SEX_FMLE,,,,,,,1,0.973160965,,,,2025-05-23T08:01:04Z,2019,2019-01-01,2019-12-31
8781557,SA_0000001842,COUNTRY,NZL,WPR,Western Pacific,YEAR,2019,SEX,SEX_BTSX,,,,,,,4.1,4.055021984,,,,2025-05-23T08:01:04Z,2019,2019-01-01,2019-12-31
9022977,SA_0000001842,COUNTRY,SWZ,AFR,Africa,YEAR,2019,SEX,SEX_FMLE,,,,,,,6.9,6.912911323,,,,2025-05-23T08:01:04Z,2019,2019-01-01,2019-12-31
7948345,SA_0000001842,COUNTRY,DJI,EMR,Eastern Mediterranean,YEAR,2019,SEX,SEX_FMLE,,,,,,,0,0.001109486,,,,2025-05-23T08:01:04Z,2019,2019-01-01,2019-12-31
7840199,SA_0000001842,COUNTRY,LAO,WPR,Western Pacific,YEAR,2019,SEX,SEX_MLE,,,,,,,15.3,15.283912442,,,,2025-05-23T08:01:04Z,2019,2019-01-01,2019-12-31
7338199,SA_0000001842,COUNTRY,COK,WPR,Western Pacific,YEAR,2019,SEX,SEX_MLE,,,,,,,19,18.968889042,,,,2025-05-23T08:01:04Z,2019,2019-01-01,2019-12-31
465555,SA_0000001842,COUNTRY,GIN,AFR,Africa,YEAR,2019,SEX,SEX_FMLE,,,,,,,0,2.73786e-4,,,,2025-05-23T08:01:04Z,2019,2019-01-01,2019-12-31
8864663,SA_0000001842,COUNTRY,CMR,AFR,Africa,YEAR,2019,SEX,SEX_MLE,,,,,,,14.6,14.614129217,,,,2025-05-23T08:01:04Z,2019,2019-01-01,2019-12-31
4497436,SA_0000001842,COUNTRY,PNG,WPR,Western Pacific,YEAR,2019,SEX,SEX_FMLE,,,,,,,0,0.002200658,,,,2025-05-23T08:01:04Z,2019,2019-01-01,2019-12-31
1840888,SA_0000001842,COUNTRY,GEO,EUR,Europe,YEAR,2019,SEX,SEX_FMLE,,,,,,,7.5,7.467027023,,,,2025-05-23T08:01:04Z,2019,2019-01-01,2019-12-31
694048,SA_0000001842,COUNTRY,LSO,AFR,Africa,YEAR,2019,SEX,SEX_BTSX,,,,,,,8.3,8.317594293,,,,2025-05-23T08:01:04Z,2019,2019-01-01,2019-12-31
3015630,SA_0000001842,COUNTRY,PRT,EUR,Europe,YEAR,2019,SEX,SEX_MLE,,,,,,,8.7,8.661045492,,,,2025-05-23T08:01:04Z,2019,2019-01-01,2019-12-31
9732348,SA_0000001842,COUNTRY,PNG,WPR,Western Pacific,YEAR,2019,SEX,SEX_BTSX,,,,,,,0.1,0.12045335,,,,2025-05-23T08:01:04Z,2019,2019-01-01,2019-12-31
5804522,SA_0000001842,COUNTRY,NIU,WPR,Western Pacific,YEAR,2019,SEX,SEX_FMLE,,,,,,,5.6,5.58858253,,,,2025-05-23T08:01:04Z,2019,2019-01-01,2019-12-31
5460899,SA_0000001842,COUNTRY,ETH,AFR,Africa,YEAR,2019,SEX,SEX_MLE,,,,,,,11.9,11.884375096,,,,2025-05-23T08:01:04Z,2019,2019-01-01,2019-12-31
9054813,SA_0000001842,COUNTRY,MNE,EUR,Europe,YEAR,2019,SEX,SEX_MLE,,,,,,,11.5,11.471394894,,,,2025-05-23T08:01:04Z,2019,2019-01-01,2019-12-31
6268498,SA_0000001842,COUNTRY,KGZ,EUR,Europe,YEAR,2019,SEX,SEX_FMLE,,,,,,,5.6,5.598273534,,,,2025-05-23T08:01:04Z,2019,2019-01-01,2019-12-31
8068991,SA_0000001842,COUNTRY,USA,AMR,Americas,YEAR,2019,SEX,SEX_FMLE,,,,,,,1.3,1.298190974,,,,2025-05-23T08:01:04Z,2019,2019-01-01,2019-12-31
8914905,SA_0000001842,COUNTRY,NAM,AFR,Africa,YEAR,2019,SEX,SEX_FMLE,,,,,,,4.4,4.37219958,,,,2025-05-23T08:01:04Z,2019,2019-01-01,2019-12-31
2514044,SA_0000001842,COUNTRY,LAO,WPR,Western Pacific,YEAR,2019,SEX,SEX_BTSX,,,,,,,10.2,10.221931194,,,,2025-05-23T08:01:04Z,2019,2019-01-01,2019-12-31
1446140,SA_0000001842,COUNTRY,PHL,WPR,Western Pacific,YEAR,2019,SEX,SEX_BTSX,,,,,,,4.5,4.500324037,,,,2025-05-23T08:01:04Z,2019,2019-01-01,2019-12-31
172715,SA_0000001842,COUNTRY,STP,AFR,Africa,YEAR,2019,SEX,SEX_BTSX,,,,,,,2.1,2.126508664,,,,2025-05-23T08:01:04Z,2019,2019-01-01,2019-12-31
8571698,SA_0000001842,COUNTRY,BTN,SEAR,South-East Asia,YEAR,2019,SEX,SEX_FMLE,,,,,,,0,0,,,,2025-05-23T08:01:04Z,2019,2019-01-01,2019-12-31
4484777,SA_0000001842,COUNTRY,SWE,EUR,Europe,YEAR,2019,SEX,SEX_FMLE,,,,,,,0.8,0.840627173,,,,2025-05-23T08:01:04Z,2019,2019-01-01,2019-12-31
5019444,SA_0000001842,COUNTRY,BHR,EMR,Eastern Mediterranean,YEAR,2019,SEX,SEX_FMLE,,,,,,,0,0.009821317,,,,2025-05-23T08:01:04Z,2019,2019-01-01,2019-12-31
8724448,SA_0000001842,COUNTRY,BRB,AMR,Americas,YEAR,2019,SEX,SEX_FMLE,,,,,,,2.8,2.769422497,,,,2025-05-23T08:01:04Z,2019,2019-01-01,2019-12-31
7344852,SA_0000001842,COUNTRY,CRI,AMR,Americas,YEAR,2019,SEX,SEX_FMLE,,,,,,,0.1,0.112380856,,,,2025-05-23T08:01:04Z,2019,2019-01-01,2019-12-31
7369955,SA_0000001842,COUNTRY,NIC,AMR,Americas,YEAR,2019,SEX,SEX_FMLE,,,,,,,0.4,0.380775964,,,,2025-05-23T08:01:04Z,2019,2019-01-01,2019-12-31
363969,SA_0000001842,COUNTRY,ARM,EUR,Europe,YEAR,2019,SEX,SEX_MLE,,,,,,,4.7,4.729889294,,,,2025-05-23T08:01:04Z,2019,2019-01-01,2019-12-31
1993554,SA_0000001842,COUNTRY,WSM,WPR,Western Pacific,YEAR,2019,SEX,SEX_FMLE,,,,,,,0.1,0.096125634,,,,2025-05-23T08:01:04Z,2019,2019-01-01,2019-12-31
542163,SA_0000001842,COUNTRY,FSM,WPR,Western Pacific,YEAR,2019,SEX,SEX_MLE,,,,,,,1.3,1.328546247,,,,2025-05-23T08:01:04Z,2019,2019-01-01,2019-12-31
8927786,SA_0000001842,COUNTRY,LSO,AFR,Africa,YEAR,2019,SEX,SEX_MLE,,,,,,,12.7,12.69646772,,,,2025-05-23T08:01:04Z,2019,2019-01-01,2019-12-31
5747560,SA_0000001842,COUNTRY,UKR,EUR,Europe,YEAR,2019,SEX,SEX_MLE,,,,,,,8.4,8.429704707,,,,2025-05-23T08:01:04Z,2019,2019-01-01,2019-12-31
4746020,SA_0000001842,COUNTRY,CHN,WPR,Western Pacific,YEAR,2019,SEX,SEX_BTSX,,,,,,,1.2,1.236396889,,,,2025-05-23T08:01:04Z,2019,2019-01-01,2019-12-31
9436562,SA_0000001842,COUNTRY,CHE,EUR,Europe,YEAR,2019,SEX,SEX_BTSX,,,,,,,4.6,4.586955462,,,,2025-05-23T08:01:04Z,2019,2019-01-01,2019-12-31
2825456,SA_0000001842,COUNTRY,GNB,AFR,Africa,YEAR,2019,SEX,SEX_BTSX,,,,,,,5.4,5.387982751,,,,2025-05-23T08:01:04Z,2019,2019-01-01,2019-12-31
7687807,SA_0000001842,COUNTRY,TKM,EUR,Europe,YEAR,2019,SEX,SEX_BTSX,,,,,,,6.2,6.213597519,,,,2025-05-23T08:01:04Z,2019,2019-01-01,2019-12-31
7776948,SA_0000001842,COUNTRY,AUT,EUR,Europe,YEAR,2019,SEX,SEX_MLE,,,,,,,10.1,10.078914571,,,,2025-05-23T08:01:04Z,2019,2019-01-01,2019-12-31
7243549,SA_0000001842,COUNTRY,BOL,AMR,Americas,YEAR,2019,SEX,SEX_BTSX,,,,,,,0.5,0.46601094,,,,2025-05-23T08:01:04Z,2019,2019-01-01,2019-12-31
7643200,SA_0000001842,COUNTRY,AUS,WPR,Western Pacific,YEAR,2019,SEX,SEX_BTSX,,,,,,,4.2,4.168373147,,,,2025-05-23T08:01:04Z,2019,2019-01-01,2019-12-31
115575,SA_0000001842,COUNTRY,LBY,EMR,Eastern Mediterranean,YEAR,2019,SEX,SEX_FMLE,,,,,,,0,0,,,,2025-05-23T08:01:04Z,2019,2019-01-01,2019-12-31
3410300,SA_0000001842,COUNTRY,PAK,EMR,Eastern Mediterranean,YEAR,2019,SEX,SEX_FMLE,,,,,,,0,0.005515679,,,,2025-05-23T08:01:04Z,2019,2019-01-01,2019-12-31
6275126,SA_0000001842,COUNTRY,BRN,WPR,Western Pacific,YEAR,2019,SEX,SEX_FMLE,,,,,,,0,0,,,,2025-05-23T08:01:04Z,2019,2019-01-01,2019-12-31
306823,SA_0000001842,COUNTRY,BRB,AMR,Americas,YEAR,2019,SEX,SEX_BTSX,,,,,,,7.8,7.812866636,,,,2025-05-23T08:01:04Z,2019,2019-01-01,2019-12-31
5550454,SA_0000001842,COUNTRY,LBR,AFR,Africa,YEAR,2019,SEX,SEX_MLE,,,,,,,2.4,2.373410337,,,,2025-05-23T08:01:04Z,2019,2019-01-01,2019-12-31
5887364,SA_0000001842,COUNTRY,GMB,AFR,Africa,YEAR,2019,SEX,SEX_MLE,,,,,,,0.1,0.052255925,,,,2025-05-23T08:01:04Z,2019,2019-01-01,2019-12-31
9252225,SA_0000001842,COUNTRY,TJK,EUR,Europe,YEAR,2019,SEX,SEX_MLE,,,,,,,0.6,0.60527193,,,,2025-05-23T08:01:04Z,2019,2019-01-01,2019-12-31
7402037,SA_0000001842,COUNTRY,ETH,AFR,Africa,YEAR,2019,SEX,SEX_FMLE,,,,,,,2.6,2.638059254,,,,2025-05-23T08:01:04Z,2019,2019-01-01,2019-12-31
6685296,SA_0000001842,COUNTRY,FIN,EUR,Europe,YEAR,2019,SEX,SEX_FMLE,,,,,,,0.8,0.767400424,,,,2025-05-23T08:01:04Z,2019,2019-01-01,2019-12-31
2507989,SA_0000001842,COUNTRY,MAR,EMR,Eastern Mediterranean,YEAR,2019,SEX,SEX_FMLE,,,,,,,0,0.018918902,,,,2025-05-23T08:01:04Z,2019,2019-01-01,2019-12-31
6843978,SA_0000001842,COUNTRY,BRA,AMR,Americas,YEAR,2019,SEX,SEX_MLE,,,,,,,13,12.977991118,,,,2025-05-23T08:01:04Z,2019,2019-01-01,2019-12-31
4599905,SA_0000001842,COUNTRY,BGD,SEAR,South-East Asia,YEAR,2019,SEX,SEX_MLE,,,,,,,0,0,,,,2025-05-23T08:01:04Z,2019,2019-01-01,2019-12-31
3041378,SA_0000001842,COUNTRY,RWA,AFR,Africa,YEAR,2019,SEX,SEX_BTSX,,,,,,,1.5,1.477692515,,,,2025-05-23T08:01:04Z,2019,2019-01-01,2019-12-31
6729979,SA_0000001842,COUNTRY,MNG,WPR,Western Pacific,YEAR,2019,SEX,SEX_MLE,,,,,,,8.2,8.171969149,,,,2025-05-23T08:01:04Z,2019,2019-01-01,2019-12-31
7078645,SA_0000001842,COUNTRY,SEN,AFR,Africa,YEAR,2019,SEX,SEX_FMLE,,,,,,,0,7.4481e-5,,,,2025-05-23T08:01:04Z,2019,2019-01-01,2019-12-31
9029934,SA_0000001842,COUNTRY,LVA,EUR,Europe,YEAR,2019,SEX,SEX_FMLE,,,,,,,3.2,3.158225365,,,,2025-05-23T08:01:04Z,2019,2019-01-01,2019-12-31
1433788,SA_0000001842,COUNTRY,COM,AFR,Africa,YEAR,2019,SEX,SEX_MLE,,,,,,,15.7,15.727285743,,,,2025-05-23T08:01:04Z,2019,2019-01-01,2019-12-31
9417676,SA_0000001842,COUNTRY,SVN,EUR,Europe,YEAR,2019,SEX,SEX_BTSX,,,,,,,6.7,6.677996315,,,,2025-05-23T08:01:04Z,2019,2019-01-01,2019-12-31
6514063,SA_0000001842,COUNTRY,DJI,EMR,Eastern Mediterranean,YEAR,2019,SEX,SEX_MLE,,,,,,,0.1,0.147776192,,,,2025-05-23T08:01:04Z,2019,2019-01-01,2019-12-31
6799861,SA_0000001842,COUNTRY,SOM,EMR,Eastern Mediterranean,YEAR,2019,SEX,SEX_MLE,,,,,,,0,0,,,,2025-05-23T08:01:04Z,2019,2019-01-01,2019-12-31
491688,SA_0000001842,COUNTRY,NRU,WPR,Western Pacific,YEAR,2019,SEX,SEX_FMLE,,,,,,,0.2,0.159791257,,,,2025-05-23T08:01:04Z,2019,2019-01-01,2019-12-31
976897,SA_0000001842,COUNTRY,QAT,EMR,Eastern Mediterranean,YEAR,2019,SEX,SEX_MLE,,,,,,,0,0.002085557,,,,2025-05-23T08:01:04Z,2019,2019-01-01,2019-12-31
9608720,SA_0000001842,COUNTRY,CUB,AMR,Americas,YEAR,2019,SEX,SEX_FMLE,,,,,,,0.7,0.734750989,,,,2025-05-23T08:01:04Z,2019,2019-01-01,2019-12-31
8578527,SA_0000001842,COUNTRY,URY,AMR,Americas,YEAR,2019,SEX,SEX_BTSX,,,,,,,1.3,1.256101366,,,,2025-05-23T08:01:04Z,2019,2019-01-01,2019-12-31
7059691,SA_0000001842,COUNTRY,GRD,AMR,Americas,YEAR,2019,SEX,SEX_BTSX,,,,,,,5.7,5.666462408,,,,2025-05-23T08:01:04Z,2019,2019-01-01,2019-12-31
1446618,SA_0000001842,COUNTRY,PAN,AMR,Americas,YEAR,2019,SEX,SEX_BTSX,,,,,,,5,5.033913706,,,,2025-05-23T08:01:04Z,2019,2019-01-01,2019-12-31
6869585,SA_0000001842,COUNTRY,ECU,AMR,Americas,YEAR,2019,SEX,SEX_FMLE,,,,,,,0,0.006925782,,,,2025-05-23T08:01:04Z,2019,2019-01-01,2019-12-31
7783650,SA_0000001842,COUNTRY,IRN,EMR,Eastern Mediterranean,YEAR,2019,SEX,SEX_MLE,,,,,,,13.7,13.699502389,,,,2025-05-23T08:01:04Z,2019,2019-01-01,2019-12-31
3710173,SA_0000001842,COUNTRY,BGD,SEAR,South-East Asia,YEAR,2019,SEX,SEX_BTSX,,,,,,,0,0,,,,2025-05-23T08:01:04Z,2019,2019-01-01,2019-12-31
2603544,SA_0000001842,COUNTRY,BRA,AMR,Americas,YEAR,2019,SEX,SEX_FMLE,,,,,,,3.1,3.12717724,,,,2025-05-23T08:01:04Z,2019,2019-01-01,2019-12-31
6345572,SA_0000001842,COUNTRY,SRB,EUR,Europe,YEAR,2019,SEX,SEX_BTSX,,,,,,,4,3.970711718,,,,2025-05-23T08:01:04Z,2019,2019-01-01,2019-12-31
4358731,SA_0000001842,COUNTRY,COK,WPR,Western Pacific,YEAR,2019,SEX,SEX_FMLE,,,,,,,6.5,6.455971131,,,,2025-05-23T08:01:04Z,2019,2019-01-01,2019-12-31
834674,SA_0000001842,COUNTRY,POL,EUR,Europe,YEAR,2019,SEX,SEX_MLE,,,,,,,11,10.96369617,,,,2025-05-23T08:01:04Z,2019,2019-01-01,2019-12-31
5499717,SA_0000001842,COUNTRY,PAN,AMR,Americas,YEAR,2019,SEX,SEX_MLE,,,,,,,8.1,8.128489448,,,,2025-05-23T08:01:04Z,2019,2019-01-01,2019-12-31
4574694,SA_0000001842,COUNTRY,IRQ,EMR,Eastern Mediterranean,YEAR,2019,SEX,SEX_MLE,,,,,,,0,0.003018552,,,,2025-05-23T08:01:04Z,2019,2019-01-01,2019-12-31
5868853,SA_0000001842,COUNTRY,LBR,AFR,Africa,YEAR,2019,SEX,SEX_BTSX,,,,,,,1.4,1.37053312,,,,2025-05-23T08:01:04Z,2019,2019-01-01,2019-12-31
6281875,SA_0000001842,COUNTRY,ARE,EMR,Eastern Mediterranean,YEAR,2019,SEX,SEX_MLE,,,,,,,10.3,10.26406012,,,,2025-05-23T08:01:04Z,2019,2019-01-01,2019-12-31
2940172,SA_0000001842,COUNTRY,UGA,AFR,Africa,YEAR,2019,SEX,SEX_BTSX,,,,,,,15.5,15.497021053,,,,2025-05-23T08:01:04Z,2019,2019-01-01,2019-12-31
9100111,SA_0000001842,COUNTRY,UZB,EUR,Europe,YEAR,2019,SEX,SEX_BTSX,,,,,,,6,6.002877833,,,,2025-05-23T08:01:04Z,2019,2019-01-01,2019-12-31
9125651,SA_0000001842,COUNTRY,LCA,AMR,Americas,YEAR,2019,SEX,SEX_BTSX,,,,,,,7.7,7.71884094,,,,2025-05-23T08:01:04Z,2019,2019-01-01,2019-12-31
6027819,SA_0000001842,COUNTRY,AFG,EMR,Eastern Mediterranean,YEAR,2019,SEX,SEX_BTSX,,,,,,,0,0,,,,2025-05-23T08:01:04Z,2019,2019-01-01,2019-12-31
9972401,SA_0000001842,COUNTRY,SDN,EMR,Eastern Mediterranean,YEAR,2019,SEX,SEX_MLE,,,,,,,0,0,,,,2025-05-23T08:01:04Z,2019,2019-01-01,2019-12-31
7256964,SA_0000001842,COUNTRY,LVA,EUR,Europe,YEAR,2019,SEX,SEX_BTSX,,,,,,,8.4,8.405042321,,,,2025-05-23T08:01:04Z,2019,2019-01-01,2019-12-31
790401,SA_0000001842,COUNTRY,VEN,AMR,Americas,YEAR,2019,SEX,SEX_MLE,,,,,,,0.7,0.748923954,,,,2025-05-23T08:01:04Z,2019,2019-01-01,2019-12-31
6002340,SA_0000001842,COUNTRY,JPN,WPR,Western Pacific,YEAR,2019,SEX,SEX_MLE,,,,,,,3.9,3.917815359,,,,2025-05-23T08:01:04Z,2019,2019-01-01,2019-12-31
5091419,SA_0000001842,COUNTRY,SEN,AFR,Africa,YEAR,2019,SEX,SEX_MLE,,,,,,,0,0.031307445,,,,2025-05-23T08:01:04Z,2019,2019-01-01,2019-12-31
8617136,SA_0000001842,COUNTRY,BFA,AFR,Africa,YEAR,2019,SEX,SEX_MLE,,,,,,,23.9,23.907469327,,,,2025-05-23T08:01:04Z,2019,2019-01-01,2019-12-31
2242385,SA_0000001842,COUNTRY,CZE,EUR,Europe,YEAR,2019,SEX,SEX_BTSX,,,,,,,8.2,8.198043911,,,,2025-05-23T08:01:04Z,2019,2019-01-01,2019-12-31
9978696,SA_0000001842,COUNTRY,CAF,AFR,Africa,YEAR,2019,SEX,SEX_FMLE,,,,,,,0,0.005160888,,,,2025-05-23T08:01:04Z,2019,2019-01-01,2019-12-31
945692,SA_0000001842,COUNTRY,ISR,EUR,Europe,YEAR,2019,SEX,SEX_FMLE,,,,,,,0,0.004351313,,,,2025-05-23T08:01:04Z,2019,2019-01-01,2019-12-31
103514,SA_0000001842,COUNTRY,MKD,EUR,Europe,YEAR,2019,SEX,SEX_BTSX,,,,,,,2.8,2.839891812,,,,2025-05-23T08:01:04Z,2019,2019-01-01,2019-12-31
6243969,SA_0000001842,COUNTRY,KEN,AFR,Africa,YEAR,2019,SEX,SEX_MLE,,,,,,,3,2.98518002,,,,2025-05-23T08:01:04Z,2019,2019-01-01,2019-12-31
2985019,SA_0000001842,COUNTRY,NIC,AMR,Americas,YEAR,2019,SEX,SEX_BTSX,,,,,,,2.4,2.358469104,,,,2025-05-23T08:01:04Z,2019,2019-01-01,2019-12-31
1962591,SA_0000001842,COUNTRY,BHS,AMR,Americas,YEAR,2019,SEX,SEX_BTSX,,,,,,,1.4,1.385709395,,,,2025-05-23T08:01:04Z,2019,2019-01-01,2019-12-31
2000788,SA_0000001842,COUNTRY,TTO,AMR,Americas,YEAR,2019,SEX,SEX_FMLE,,,,,,,0.8,0.790615558,,,,2025-05-23T08:01:04Z,2019,2019-01-01,2019-12-31
2864500,SA_0000001842,COUNTRY,AZE,EUR,Europe,YEAR,2019,SEX,SEX_BTSX,,,,,,,5.7,5.666253675,,,,2025-05-23T08:01:04Z,2019,2019-01-01,2019-12-31
2965968,SA_0000001842,COUNTRY,TTO,AMR,Americas,YEAR,2019,SEX,SEX_BTSX,,,,,,,3.7,3.653972901,,,,2025-05-23T08:01:04Z,2019,2019-01-01,2019-12-31
898946,SA_0000001842,COUNTRY,TUV,WPR,Western Pacific,YEAR,2019,SEX,SEX_MLE,,,,,,,0.1,0.096373895,,,,2025-05-23T08:01:04Z,2019,2019-01-01,2019-12-31
4638777,SA_0000001842,COUNTRY,CAF,AFR,Africa,YEAR,2019,SEX,SEX_BTSX,,,,,,,0.2,0.184715374,,,,2025-05-23T08:01:04Z,2019,2019-01-01,2019-12-31
7504588,SA_0000001842,COUNTRY,WSM,WPR,Western Pacific,YEAR,2019,SEX,SEX_BTSX,,,,,,,1.1,1.068063076,,,,2025-05-23T08:01:04Z,2019,2019-01-01,2019-12-31
9590143,SA_0000001842,COUNTRY,SGP,WPR,Western Pacific,YEAR,2019,SEX,SEX_MLE,,,,,,,0,0.004264047,,,,2025-05-23T08:01:04Z,2019,2019-01-01,2019-12-31
2406835,SA_0000001842,COUNTRY,TON,WPR,Western Pacific,YEAR,2019,SEX,SEX_FMLE,,,,,,,0,0,,,,2025-05-23T08:01:04Z,2019,2019-01-01,2019-12-31
4766040,SA_0000001842,COUNTRY,SLB,WPR,Western Pacific,YEAR,2019,SEX,SEX_BTSX,,,,,,,0.2,0.216014011,,,,2025-05-23T08:01:04Z,2019,2019-01-01,2019-12-31
1002602,SA_0000001842,COUNTRY,KAZ,EUR,Europe,YEAR,2019,SEX,SEX_FMLE,,,,,,,2.5,2.541253379,,,,2025-05-23T08:01:04Z,2019,2019-01-01,2019-12-31
4556098,SA_0000001842,COUNTRY,TUV,WPR,Western Pacific,YEAR,2019,SEX,SEX_FMLE,,,,,,,0,5.7392e-4,,,,2025-05-23T08:01:04Z,2019,2019-01-01,2019-12-31
7231744,SA_0000001842,COUNTRY,FSM,WPR,Western Pacific,YEAR,2019,SEX,SEX_BTSX,,,,,,,0.8,0.766421057,,,,2025-05-23T08:01:04Z,2019,2019-01-01,2019-12-31
7816167,SA_0000001842,COUNTRY,LTU,EUR,Europe,YEAR,2019,SEX,SEX_BTSX,,,,,,,6.9,6.875946676,,,,2025-05-23T08:01:04Z,2019,2019-01-01,2019-12-31
6219064,SA_0000001842,COUNTRY,UZB,EUR,Europe,YEAR,2019,SEX,SEX_MLE,,,,,,,9.3,9.332729692,,,,2025-05-23T08:01:04Z,2019,2019-01-01,2019-12-31
6276043,SA_0000001842,COUNTRY,MNE,EUR,Europe,YEAR,2019,SEX,SEX_FMLE,,,,,,,2.5,2.494616038,,,,2025-05-23T08:01:04Z,2019,2019-01-01,2019-12-31
6895552,SA_0000001842,COUNTRY,KWT,EMR,Eastern Mediterranean,YEAR,2019,SEX,SEX_FMLE,,,,,,,0,0,,,,2025-05-23T08:01:04Z,2019,2019-01-01,2019-12-31
4766153,SA_0000001842,COUNTRY,ISL,EUR,Europe,YEAR,2019,SEX,SEX_MLE,,,,,,,3.8,3.758240455,,,,2025-05-23T08:01:04Z,2019,2019-01-01,2019-12-31
4149399,SA_0000001842,COUNTRY,SYC,AFR,Africa,YEAR,2019,SEX,SEX_MLE,,,,,,,12.9,12.895351405,,,,2025-05-23T08:01:04Z,2019,2019-01-01,2019-12-31
4454224,SA_0000001842,COUNTRY,PER,AMR,Americas,YEAR,2019,SEX,SEX_BTSX,,,,,,,3,2.959193992,,,,2025-05-23T08:01:04Z,2019,2019-01-01,2019-12-31
9234148,SA_0000001842,COUNTRY,SAU,EMR,Eastern Mediterranean,YEAR,2019,SEX,SEX_MLE,,,,,,,0,0,,,,2025-05-23T08:01:04Z,2019,2019-01-01,2019-12-31
91047,SA_0000001842,COUNTRY,TCD,AFR,Africa,YEAR,2019,SEX,SEX_BTSX,,,,,,,5.8,5.82073493,,,,2025-05-23T08:01:04Z,2019,2019-01-01,2019-12-31
1720965,SA_0000001842,COUNTRY,ZWE,AFR,Africa,YEAR,2019,SEX,SEX_MLE,,,,,,,12.8,12.800318105,,,,2025-05-23T08:01:04Z,2019,2019-01-01,2019-12-31
4982311,SA_0000001842,COUNTRY,CYP,EUR,Europe,YEAR,2019,SEX,SEX_BTSX,,,,,,,3.4,3.395558443,,,,2025-05-23T08:01:04Z,2019,2019-01-01,2019-12-31
2394292,SA_0000001842,COUNTRY,VNM,WPR,Western Pacific,YEAR,2019,SEX,SEX_MLE,,,,,,,11.4,11.368830674,,,,2025-05-23T08:01:04Z,2019,2019-01-01,2019-12-31
199439,SA_0000001842,COUNTRY,TON,WPR,Western Pacific,YEAR,2019,SEX,SEX_MLE,,,,,,,0,3.63e-7,,,,2025-05-23T08:01:04Z,2019,2019-01-01,2019-12-31
6591149,SA_0000001842,COUNTRY,BOL,AMR,Americas,YEAR,2019,SEX,SEX_FMLE,,,,,,,0,0.026601401,,,,2025-05-23T08:01:04Z,2019,2019-01-01,2019-12-31
3914643,SA_0000001842,COUNTRY,COD,AFR,Africa,YEAR,2019,SEX,SEX_FMLE,,,,,,,0,0.002016498,,,,2025-05-23T08:01:04Z,2019,2019-01-01,2019-12-31
3277693,SA_0000001842,COUNTRY,HUN,EUR,Europe,YEAR,2019,SEX,SEX_BTSX,,,,,,,5.8,5.797838337,,,,2025-05-23T08:01:04Z,2019,2019-01-01,2019-12-31
9641381,SA_0000001842,COUNTRY,ECU,AMR,Americas,YEAR,2019,SEX,SEX_BTSX,,,,,,,0.2,0.211198878,,,,2025-05-23T08:01:04Z,2019,2019-01-01,2019-12-31
5226775,SA_0000001842,COUNTRY,AGO,AFR,Africa,YEAR,2019,SEX,SEX_FMLE,,,,,,,0.5,0.450136159,,,,2025-05-23T08:01:04Z,2019,2019-01-01,2019-12-31
4956915,SA_0000001842,COUNTRY,BEL,EUR,Europe,YEAR,2019,SEX,SEX_FMLE,,,,,,,1.2,1.199977394,,,,2025-05-23T08:01:04Z,2019,2019-01-01,2019-12-31
1835881,SA_0000001842,COUNTRY,COG,AFR,Africa,YEAR,2019,SEX,SEX_FMLE,,,,,,,0.7,0.681243621,,,,2025-05-23T08:01:04Z,2019,2019-01-01,2019-12-31
9590385,SA_0000001842,COUNTRY,IND,SEAR,South-East Asia,YEAR,2019,SEX,SEX_FMLE,,,,,,,1.8,1.840384864,,,,2025-05-23T08:01:04Z,2019,2019-01-01,2019-12-31
3608876,SA_0000001842,COUNTRY,MEX,AMR,Americas,YEAR,2019,SEX,SEX_BTSX,,,,,,,4.6,4.629014275,,,,2025-05-23T08:01:04Z,2019,2019-01-01,2019-12-31
2572524,SA_0000001842,COUNTRY,GEO,EUR,Europe,YEAR,2019,SEX,SEX_MLE,,,,,,,20.5,20.524836183,,,,2025-05-23T08:01:04Z,2019,2019-01-01,2019-12-31
9189852,SA_0000001842,COUNTRY,BWA,AFR,Africa,YEAR,2019,SEX,SEX_MLE,,,,,,,18.9,18.90203115,,,,2025-05-23T08:01:04Z,2019,2019-01-01,2019-12-31
5449526,SA_0000001842,COUNTRY,BEL,EUR,Europe,YEAR,2019,SEX,SEX_BTSX,,,,,,,4.6,4.649263581,,,,2025-05-23T08:01:04Z,2019,2019-01-01,2019-12-31
9609603,SA_0000001842,COUNTRY,ISL,EUR,Europe,YEAR,2019,SEX,SEX_FMLE,,,,,,,0.3,0.33893707,,,,2025-05-23T08:01:04Z,2019,2019-01-01,2019-12-31
4639153,SA_0000001842,COUNTRY,SUR,AMR,Americas,YEAR,2019,SEX,SEX_MLE,,,,,,,9.4,9.406097952,,,,2025-05-23T08:01:04Z,2019,2019-01-01,2019-12-31
7542741,SA_0000001842,COUNTRY,BDI,AFR,Africa,YEAR,2019,SEX,SEX_FMLE,,,,,,,0.6,0.598795555,,,,2025-05-23T08:01:04Z,2019,2019-01-01,2019-12-31
7060596,SA_0000001842,COUNTRY,GRC,EUR,Europe,YEAR,2019,SEX,SEX_MLE,,,,,,,3.7,3.723860478,,,,2025-05-23T08:01:04Z,2019,2019-01-01,2019-12-31
2934545,SA_0000001842,COUNTRY,LCA,AMR,Americas,YEAR,2019,SEX,SEX_MLE,,,,,,,12,12.01259371,,,,2025-05-23T08:01:04Z,2019,2019-01-01,2019-12-31
7771788,SA_0000001842,COUNTRY,GRC,EUR,Europe,YEAR,2019,SEX,SEX_BTSX,,,,,,,2.2,2.183403146,,,,2025-05-23T08:01:04Z,2019,2019-01-01,2019-12-31
6181072,SA_0000001842,COUNTRY,DOM,AMR,Americas,YEAR,2019,SEX,SEX_MLE,,,,,,,6.8,6.786335768,,,,2025-05-23T08:01:04Z,2019,2019-01-01,2019-12-31
6244470,SA_0000001842,COUNTRY,KNA,AMR,Americas,YEAR,2019,SEX,SEX_MLE,,,,,,,5.9,5.861664501,,,,2025-05-23T08:01:04Z,2019,2019-01-01,2019-12-31
8261505,SA_0000001842,COUNTRY,AZE,EUR,Europe,YEAR,2019,SEX,SEX_MLE,,,,,,,8.7,8.74197994,,,,2025-05-23T08:01:04Z,2019,2019-01-01,2019-12-31
9960428,SA_0000001842,COUNTRY,SWZ,AFR,Africa,YEAR,2019,SEX,SEX_MLE,,,,,,,19.6,19.64796254,,,,2025-05-23T08:01:04Z,2019,2019-01-01,2019-12-31
7600005,SA_0000001842,COUNTRY,MRT,AFR,Africa,YEAR,2019,SEX,SEX_BTSX,,,,,,,0,0,,,,2025-05-23T08:01:04Z,2019,2019-01-01,2019-12-31
4823745,SA_0000001842,COUNTRY,KIR,WPR,Western Pacific,YEAR,2019,SEX,SEX_MLE,,,,,,,0,0.004051482,,,,2025-05-23T08:01:04Z,2019,2019-01-01,2019-12-31
91290,SA_0000001842,COUNTRY,MKD,EUR,Europe,YEAR,2019,SEX,SEX_MLE,,,,,,,4.7,4.677832925,,,,2025-05-23T08:01:04Z,2019,2019-01-01,2019-12-31
2617134,SA_0000001842,COUNTRY,DMA,AMR,Americas,YEAR,2019,SEX,SEX_MLE,,,,,,,5.2,5.225912412,,,,2025-05-23T08:01:04Z,2019,2019-01-01,2019-12-31
1047413,SA_0000001842,COUNTRY,TUN,EMR,Eastern Mediterranean,YEAR,2019,SEX,SEX_FMLE,,,,,,,3.7,3.672786586,,,,2025-05-23T08:01:04Z,2019,2019-01-01,2019-12-31
6870555,SA_0000001842,COUNTRY,SYC,AFR,Africa,YEAR,2019,SEX,SEX_FMLE,,,,,,,3.1,3.077207133,,,,2025-05-23T08:01:04Z,2019,2019-01-01,2019-12-31
135956,SA_0000001842,COUNTRY,LUX,EUR,Europe,YEAR,2019,SEX,SEX_MLE,,,,,,,7.9,7.897998672,,,,2025-05-23T08:01:04Z,2019,2019-01-01,2019-12-31
8223432,SA_0000001842,COUNTRY,DNK,EUR,Europe,YEAR,2019,SEX,SEX_FMLE,,,,,,,0.8,0.849816516,,,,2025-05-23T08:01:04Z,2019,2019-01-01,2019-12-31
5360502,SA_0000001842,COUNTRY,TLS,SEAR,South-East Asia,YEAR,2019,SEX,SEX_BTSX,,,,,,,0,0,,,,2025-05-23T08:01:04Z,2019,2019-01-01,2019-12-31
2985618,SA_0000001842,COUNTRY,ROU,EUR,Europe,YEAR,2019,SEX,SEX_MLE,,,,,,,17.2,17.242430497,,,,2025-05-23T08:01:04Z,2019,2019-01-01,2019-12-31
3284347,SA_0000001842,COUNTRY,HND,AMR,Americas,YEAR,2019,SEX,SEX_BTSX,,,,,,,1.3,1.274765564,,,,2025-05-23T08:01:04Z,2019,2019-01-01,2019-12-31
3704806,SA_0000001842,COUNTRY,SWZ,AFR,Africa,YEAR,2019,SEX,SEX_BTSX,,,,,,,14,13.950398866,,,,2025-05-23T08:01:04Z,2019,2019-01-01,2019-12-31
8535086,SA_0000001842,COUNTRY,ZMB,AFR,Africa,YEAR,2019,SEX,SEX_BTSX,,,,,,,2.4,2.367612726,,,,2025-05-23T08:01:04Z,2019,2019-01-01,2019-12-31
6028614,SA_0000001842,COUNTRY,VNM,WPR,Western Pacific,YEAR,2019,SEX,SEX_BTSX,,,,,,,7.3,7.347650855,,,,2025-05-23T08:01:04Z,2019,2019-01-01,2019-12-31
8013518,SA_0000001842,COUNTRY,UGA,AFR,Africa,YEAR,2019,SEX,SEX_MLE,,,,,,,21.6,21.598774074,,,,2025-05-23T08:01:04Z,2019,2019-01-01,2019-12-31
6302008,SA_0000001842,COUNTRY,SUR,AMR,Americas,YEAR,2019,SEX,SEX_FMLE,,,,,,,1.7,1.74404424,,,,2025-05-23T08:01:04Z,2019,2019-01-01,2019-12-31
6085865,SA_0000001842,COUNTRY,SLB,WPR,Western Pacific,YEAR,2019,SEX,SEX_MLE,,,,,,,0.4,0.374833988,,,,2025-05-23T08:01:04Z,2019,2019-01-01,2019-12-31
8420635,SA_0000001842,COUNTRY,URY,AMR,Americas,YEAR,2019,SEX,SEX_MLE,,,,,,,2.2,2.242742524,,,,2025-05-23T08:01:04Z,2019,2019-01-01,2019-12-31
2700141,SA_0000001842,COUNTRY,BEN,AFR,Africa,YEAR,2019,SEX,SEX_FMLE,,,,,,,3.5,3.537527887,,,,2025-05-23T08:01:04Z,2019,2019-01-01,2019-12-31
4626682,SA_0000001842,COUNTRY,BTN,SEAR,South-East Asia,YEAR,2019,SEX,SEX_BTSX,,,,,,,0,0,,,,2025-05-23T08:01:04Z,2019,2019-01-01,2019-12-31
6213159,SA_0000001842,COUNTRY,IRN,EMR,Eastern Mediterranean,YEAR,2019,SEX,SEX_FMLE,,,,,,,3.4,3.391240709,,,,2025-05-23T08:01:04Z,2019,2019-01-01,2019-12-31
129780,SA_0000001842,COUNTRY,FIN,EUR,Europe,YEAR,2019,SEX,SEX_BTSX,,,,,,,3.5,3.534239804,,,,2025-05-23T08:01:04Z,2019,2019-01-01,2019-12-31
4353511,SA_0000001842,COUNTRY,MLI,AFR,Africa,YEAR,2019,SEX,SEX_FMLE,,,,,,,7.6,7.616627252,,,,2025-05-23T08:01:04Z,2019,2019-01-01,2019-12-31
4703178,SA_0000001842,COUNTRY,LBY,EMR,Eastern Mediterranean,YEAR,2019,SEX,SEX_MLE,,,,,,,0,0,,,,2025-05-23T08:01:04Z,2019,2019-01-01,2019-12-31
1454235,SA_0000001842,COUNTRY,VEN,AMR,Americas,YEAR,2019,SEX,SEX_FMLE,,,,,,,0,0.020798123,,,,2025-05-23T08:01:04Z,2019,2019-01-01,2019-12-31
4861860,SA_0000001842,COUNTRY,TCD,AFR,Africa,YEAR,2019,SEX,SEX_MLE,,,,,,,9.1,9.138810269,,,,2025-05-23T08:01:04Z,2019,2019-01-01,2019-12-31
6864491,SA_0000001842,COUNTRY,BIH,EUR,Europe,YEAR,2019,SEX,SEX_BTSX,,,,,,,5.3,5.342224935,,,,2025-05-23T08:01:04Z,2019,2019-01-01,2019-12-31
8605235,SA_0000001842,COUNTRY,CHL,AMR,Americas,YEAR,2019,SEX,SEX_FMLE,,,,,,,0.5,0.468644338,,,,2025-05-23T08:01:04Z,2019,2019-01-01,2019-12-31
6648748,SA_0000001842,COUNTRY,COM,AFR,Africa,YEAR,2019,SEX,SEX_BTSX,,,,,,,10.8,10.811886922,,,,2025-05-23T08:01:04Z,2019,2019-01-01,2019-12-31
2179671,SA_0000001842,COUNTRY,ERI,AFR,Africa,YEAR,2019,SEX,SEX_MLE,,,,,,,1.3,1.340477467,,,,2025-05-23T08:01:04Z,2019,2019-01-01,2019-12-31
340230,SA_0000001842,COUNTRY,ERI,AFR,Africa,YEAR,2019,SEX,SEX_BTSX,,,,,,,0.8,0.770891743,,,,2025-05-23T08:01:04Z,2019,2019-01-01,2019-12-31
626307,SA_0000001842,COUNTRY,ALB,EUR,Europe,YEAR,2019,SEX,SEX_MLE,,,,,,,4.2,4.213470353,,,,2025-05-23T08:01:04Z,2019,2019-01-01,2019-12-31
9069483,SA_0000001842,COUNTRY,ARG,AMR,Americas,YEAR,2019,SEX,SEX_MLE,,,,,,,4.9,4.887842078,,,,2025-05-23T08:01:04Z,2019,2019-01-01,2019-12-31
5252919,SA_0000001842,COUNTRY,CHE,EUR,Europe,YEAR,2019,SEX,SEX_FMLE,,,,,,,1.2,1.169135031,,,,2025-05-23T08:01:04Z,2019,2019-01-01,2019-12-31
594750,SA_0000001842,COUNTRY,CAN,AMR,Americas,YEAR,2019,SEX,SEX_MLE,,,,,,,8.7,8.722046604,,,,2025-05-23T08:01:04Z,2019,2019-01-01,2019-12-31
689740,SA_0000001842,COUNTRY,PAK,EMR,Eastern Mediterranean,YEAR,2019,SEX,SEX_MLE,,,,,,,0.4,0.374480879,,,,2025-05-23T08:01:04Z,2019,2019-01-01,2019-12-31
2503211,SA_0000001842,COUNTRY,PAK,EMR,Eastern Mediterranean,YEAR,2019,SEX,SEX_BTSX,,,,,,,0.2,0.195886141,,,,2025-05-23T08:01:04Z,2019,2019-01-01,2019-12-31
7289740,SA_0000001842,COUNTRY,GRD,AMR,Americas,YEAR,2019,SEX,SEX_MLE,,,,,,,9.1,9.084442366,,,,2025-05-23T08:01:04Z,2019,2019-01-01,2019-12-31
3036567,SA_0000001842,COUNTRY,IND,SEAR,South-East Asia,YEAR,2019,SEX,SEX_BTSX,,,,,,,6.4,6.372060291,,,,2025-05-23T08:01:04Z,2019,2019-01-01,2019-12-31
4906660,SA_0000001842,COUNTRY,GMB,AFR,Africa,YEAR,2019,SEX,SEX_FMLE,,,,,,,0,1.83924e-4,,,,2025-05-23T08:01:04Z,2019,2019-01-01,2019-12-31
1664388,SA_0000001842,COUNTRY,KNA,AMR,Americas,YEAR,2019,SEX,SEX_FMLE,,,,,,,0.8,0.751181048,,,,2025-05-23T08:01:04Z,2019,2019-01-01,2019-12-31
3698848,SA_0000001842,COUNTRY,LUX,EUR,Europe,YEAR,2019,SEX,SEX_BTSX,,,,,,,4.7,4.739046336,,,,2025-05-23T08:01:04Z,2019,2019-01-01,2019-12-31
6883663,SA_0000001842,COUNTRY,BRA,AMR,Americas,YEAR,2019,SEX,SEX_BTSX,,,,,,,8.4,8.404477,,,,2025-05-23T08:01:04Z,2019,2019-01-01,2019-12-31
7093014,SA_0000001842,COUNTRY,NER,AFR,Africa,YEAR,2019,SEX,SEX_MLE,,,,,,,0,3e-9,,,,2025-05-23T08:01:04Z,2019,2019-01-01,2019-12-31
3335773,SA_0000001842,COUNTRY,KOR,WPR,Western Pacific,YEAR,2019,SEX,SEX_FMLE,,,,,,,0.6,0.558422008,,,,2025-05-23T08:01:04Z,2019,2019-01-01,2019-12-31
5418406,SA_0000001842,COUNTRY,ALB,EUR,Europe,YEAR,2019,SEX,SEX_FMLE,,,,,,,0.4,0.394454656,,,,2025-05-23T08:01:04Z,2019,2019-01-01,2019-12-31
8999660,SA_0000001842,COUNTRY,HTI,AMR,Americas,YEAR,2019,SEX,SEX_BTSX,,,,,,,0.8,0.755633561,,,,2025-05-23T08:01:04Z,2019,2019-01-01,2019-12-31
5825760,SA_0000001842,COUNTRY,FIN,EUR,Europe,YEAR,2019,SEX,SEX_MLE,,,,,,,6,5.985462822,,,,2025-05-23T08:01:04Z,2019,2019-01-01,2019-12-31
6022709,SA_0000001842,COUNTRY,BWA,AFR,Africa,YEAR,2019,SEX,SEX_FMLE,,,,,,,6.4,6.410009186,,,,2025-05-23T08:01:04Z,2019,2019-01-01,2019-12-31
2154514,SA_0000001842,COUNTRY,KEN,AFR,Africa,YEAR,2019,SEX,SEX_FMLE,,,,,,,0.2,0.224958738,,,,2025-05-23T08:01:04Z,2019,2019-01-01,2019-12-31
842515,SA_0000001842,COUNTRY,ISL,EUR,Europe,YEAR,2019,SEX,SEX_BTSX,,,,,,,2.1,2.122955387,,,,2025-05-23T08:01:04Z,2019,2019-01-01,2019-12-31
8268509,SA_0000001842,COUNTRY,STP,AFR,Africa,YEAR,2019,SEX,SEX_MLE,,,,,,,3.7,3.721446444,,,,2025-05-23T08:01:04Z,2019,2019-01-01,2019-12-31
9095147,SA_0000001842,COUNTRY,HRV,EUR,Europe,YEAR,2019,SEX,SEX_MLE,,,,,,,6.8,6.794487492,,,,2025-05-23T08:01:04Z,2019,2019-01-01,2019-12-31
3590544,SA_0000001842,COUNTRY,LKA,SEAR,South-East Asia,YEAR,2019,SEX,SEX_MLE,,,,,,,1.5,1.518861794,,,,2025-05-23T08:01:04Z,2019,2019-01-01,2019-12-31
893681,SA_0000001842,COUNTRY,FRA,EUR,Europe,YEAR,2019,SEX,SEX_MLE,,,,,,,9.8,9.790030807,,,,2025-05-23T08:01:04Z,2019,2019-01-01,2019-12-31
5021468,SA_0000001842,COUNTRY,ZAF,AFR,Africa,YEAR,2019,SEX,SEX_FMLE,,,,,,,7.4,7.381323001,,,,2025-05-23T08:01:04Z,2019,2019-01-01,2019-12-31
7899555,SA_0000001842,COUNTRY,NER,AFR,Africa,YEAR,2019,SEX,SEX_FMLE,,,,,,,0,0,,,,2025-05-23T08:01:04Z,2019,2019-01-01,2019-12-31
6915426,SA_0000001842,COUNTRY,TJK,EUR,Europe,YEAR,2019,SEX,SEX_FMLE,,,,,,,0,0.013269464,,,,2025-05-23T08:01:04Z,2019,2019-01-01,2019-12-31
1188143,SA_0000001842,COUNTRY,VCT,AMR,Americas,YEAR,2019,SEX,SEX_BTSX,,,,,,,4.5,4.544525875,,,,2025-05-23T08:01:04Z,2019,2019-01-01,2019-12-31
493428,SA_0000001842,COUNTRY,TUR,EUR,Europe,YEAR,2019,SEX,SEX_MLE,,,,,,,8.5,8.459143182,,,,2025-05-23T08:01:04Z,2019,2019-01-01,2019-12-31
3985223,SA_0000001842,COUNTRY,ITA,EUR,Europe,YEAR,2019,SEX,SEX_FMLE,,,,,,,0.5,0.541018385,,,,2025-05-23T08:01:04Z,2019,2019-01-01,2019-12-31
4334804,SA_0000001842,COUNTRY,JPN,WPR,Western Pacific,YEAR,2019,SEX,SEX_FMLE,,,,,,,0.4,0.36912606,,,,2025-05-23T08:01:04Z,2019,2019-01-01,2019-12-31
372404,SA_0000001842,COUNTRY,BFA,AFR,Africa,YEAR,2019,SEX,SEX_FMLE,,,,,,,10.2,10.196105823,,,,2025-05-23T08:01:04Z,2019,2019-01-01,2019-12-31
416954,SA_0000001842,COUNTRY,DNK,EUR,Europe,YEAR,2019,SEX,SEX_MLE,,,,,,,6.3,6.343541819,,,,2025-05-23T08:01:04Z,2019,2019-01-01,2019-12-31
7156975,SA_0000001842,COUNTRY,AUT,EUR,Europe,YEAR,2019,SEX,SEX_FMLE,,,,,,,1.9,1.938567226,,,,2025-05-23T08:01:04Z,2019,2019-01-01,2019-12-31
2694325,SA_0000001842,COUNTRY,AGO,AFR,Africa,YEAR,2019,SEX,SEX_MLE,,,,,,,4.4,4.364626418,,,,2025-05-23T08:01:04Z,2019,2019-01-01,2019-12-31
1384870,SA_0000001842,COUNTRY,MEX,AMR,Americas,YEAR,2019,SEX,SEX_MLE,,,,,,,7.6,7.55813903,,,,2025-05-23T08:01:04Z,2019,2019-01-01,2019-12-31
9356113,SA_0000001842,COUNTRY,NPL,SEAR,South-East Asia,YEAR,2019,SEX,SEX_BTSX,,,,,,,0.2,0.229295705,,,,2025-05-23T08:01:04Z,2019,2019-01-01,2019-12-31
2021097,SA_0000001842,COUNTRY,SLV,AMR,Americas,YEAR,2019,SEX,SEX_BTSX,,,,,,,1.8,1.82195642,,,,2025-05-23T08:01:04Z,2019,2019-01-01,2019-12-31
9841590,SA_0000001842,COUNTRY,ARG,AMR,Americas,YEAR,2019,SEX,SEX_BTSX,,,,,,,2.8,2.845235323,,,,2025-05-23T08:01:04Z,2019,2019-01-01,2019-12-31
7938042,SA_0000001842,COUNTRY,BWA,AFR,Africa,YEAR,2019,SEX,SEX_BTSX,,,,,,,13.3,13.301930911,,,,2025-05-23T08:01:04Z,2019,2019-01-01,2019-12-31
219576,SA_0000001842,COUNTRY,PRY,AMR,Americas,YEAR,2019,SEX,SEX_MLE,,,,,,,4.9,4.855292795,,,,2025-05-23T08:01:04Z,2019,2019-01-01,2019-12-31
4309379,SA_0000001842,COUNTRY,GNB,AFR,Africa,YEAR,2019,SEX,SEX_MLE,,,,,,,8.6,8.557266336,,,,2025-05-23T08:01:04Z,2019,2019-01-01,2019-12-31
1220216,SA_0000001842,COUNTRY,AUS,WPR,Western Pacific,YEAR,2019,SEX,SEX_FMLE,,,,,,,1,1.006140776,,,,2025-05-23T08:01:04Z,2019,2019-01-01,2019-12-31
5927464,SA_0000001842,COUNTRY,IDN,SEAR,South-East Asia,YEAR,2019,SEX,SEX_FMLE,,,,,,,0,0,,,,2025-05-23T08:01:04Z,2019,2019-01-01,2019-12-31
7562569,SA_0000001842,COUNTRY,ETH,AFR,Africa,YEAR,2019,SEX,SEX_BTSX,,,,,,,7.8,7.807580558,,,,2025-05-23T08:01:04Z,2019,2019-01-01,2019-12-31
2356982,SA_0000001842,COUNTRY,MYS,WPR,Western Pacific,YEAR,2019,SEX,SEX_BTSX,,,,,,,0,0.038367383,,,,2025-05-23T08:01:04Z,2019,2019-01-01,2019-12-31
997479,SA_0000001842,COUNTRY,PHL,WPR,Western Pacific,YEAR,2019,SEX,SEX_MLE,,,,,,,7.2,7.231771125,,,,2025-05-23T08:01:04Z,2019,2019-01-01,2019-12-31
1505719,SA_0000001842,COUNTRY,PNG,WPR,Western Pacific,YEAR,2019,SEX,SEX_MLE,,,,,,,0.2,0.208913922,,,,2025-05-23T08:01:04Z,2019,2019-01-01,2019-12-31
6289915,SA_0000001842,COUNTRY,UKR,EUR,Europe,YEAR,2019,SEX,SEX_FMLE,,,,,,,1.4,1.424132016,,,,2025-05-23T08:01:04Z,2019,2019-01-01,2019-12-31
8414948,SA_0000001842,COUNTRY,POL,EUR,Europe,YEAR,2019,SEX,SEX_FMLE,,,,,,,2.3,2.272448142,,,,2025-05-23T08:01:04Z,2019,2019-01-01,2019-12-31
8987429,SA_0000001842,COUNTRY,GTM,AMR,Americas,YEAR,2019,SEX,SEX_FMLE,,,,,,,0,0.001559297,,,,2025-05-23T08:01:04Z,2019,2019-01-01,2019-12-31
3431492,SA_0000001842,COUNTRY,MMR,SEAR,South-East Asia,YEAR,2019,SEX,SEX_BTSX,,,,,,,0.3,0.31369537,,,,2025-05-23T08:01:04Z,2019,2019-01-01,2019-12-31
2123038,SA_0000001842,COUNTRY,BDI,AFR,Africa,YEAR,2019,SEX,SEX_BTSX,,,,,,,3.1,3.10758176,,,,2025-05-23T08:01:04Z,2019,2019-01-01,2019-12-31
7347141,SA_0000001842,COUNTRY,BGR,EUR,Europe,YEAR,2019,SEX,SEX_MLE,,,,,,,13.1,13.070134976,,,,2025-05-23T08:01:04Z,2019,2019-01-01,2019-12-31
9260743,SA_0000001842,COUNTRY,FRA,EUR,Europe,YEAR,2019,SEX,SEX_BTSX,,,,,,,6.1,6.06827538,,,,2025-05-23T08:01:04Z,2019,2019-01-01,2019-12-31
5086579,SA_0000001842,COUNTRY,MOZ,AFR,Africa,YEAR,2019,SEX,SEX_BTSX,,,,,,,1.3,1.265673669,,,,2025-05-23T08:01:04Z,2019,2019-01-01,2019-12-31
1220338,SA_0000001842,COUNTRY,LKA,SEAR,South-East Asia,YEAR,2019,SEX,SEX_FMLE,,,,,,,0.1,0.070684911,,,,2025-05-23T08:01:04Z,2019,2019-01-01,2019-12-31
5933914,SA_0000001842,COUNTRY,CHL,AMR,Americas,YEAR,2019,SEX,SEX_MLE,,,,,,,4.5,4.517448282,,,,2025-05-23T08:01:04Z,2019,2019-01-01,2019-12-31
4519200,SA_0000001842,COUNTRY,AND,EUR,Europe,YEAR,2019,SEX,SEX_FMLE,,,,,,,1.2,1.228715298,,,,2025-05-23T08:01:04Z,2019,2019-01-01,2019-12-31
8307181,SA_0000001842,COUNTRY,KIR,WPR,Western Pacific,YEAR,2019,SEX,SEX_FMLE,,,,,,,0,2.302e-6,,,,2025-05-23T08:01:04Z,2019,2019-01-01,2019-12-31
5304246,SA_0000001842,COUNTRY,BGR,EUR,Europe,YEAR,2019,SEX,SEX_BTSX,,,,,,,8.5,8.519426894,,,,2025-05-23T08:01:04Z,2019,2019-01-01,2019-12-31
2681826,SA_0000001842,COUNTRY,JOR,EMR,Eastern Mediterranean,YEAR,2019,SEX,SEX_FMLE,,,,,,,0,3.868e-6,,,,2025-05-23T08:01:04Z,2019,2019-01-01,2019-12-31
5971999,SA_0000001842,COUNTRY,NRU,WPR,Western Pacific,YEAR,2019,SEX,SEX_MLE,,,,,,,2.4,2.449791797,,,,2025-05-23T08:01:04Z,2019,2019-01-01,2019-12-31
4748328,SA_0000001842,COUNTRY,CAN,AMR,Americas,YEAR,2019,SEX,SEX_FMLE,,,,,,,1.5,1.508277525,,,,2025-05-23T08:01:04Z,2019,2019-01-01,2019-12-31
9337242,SA_0000001842,COUNTRY,ECU,AMR,Americas,YEAR,2019,SEX,SEX_MLE,,,,,,,0.4,0.390496727,,,,2025-05-23T08:01:04Z,2019,2019-01-01,2019-12-31
2382720,SA_0000001842,COUNTRY,KNA,AMR,Americas,YEAR,2019,SEX,SEX_BTSX,,,,,,,3.4,3.444566533,,,,2025-05-23T08:01:04Z,2019,2019-01-01,2019-12-31
2541797,SA_0000001842,COUNTRY,ITA,EUR,Europe,YEAR,2019,SEX,SEX_MLE,,,,,,,4.9,4.885225387,,,,2025-05-23T08:01:04Z,2019,2019-01-01,2019-12-31
3495319,SA_0000001842,COUNTRY,MNE,EUR,Europe,YEAR,2019,SEX,SEX_BTSX,,,,,,,7.3,7.341077108,,,,2025-05-23T08:01:04Z,2019,2019-01-01,2019-12-31
2491024,SA_0000001842,COUNTRY,MUS,AFR,Africa,YEAR,2019,SEX,SEX_FMLE,,,,,,,2.3,2.321318128,,,,2025-05-23T08:01:04Z,2019,2019-01-01,2019-12-31
8714059,SA_0000001842,COUNTRY,PRY,AMR,Americas,YEAR,2019,SEX,SEX_FMLE,,,,,,,0.5,0.538470727,,,,2025-05-23T08:01:04Z,2019,2019-01-01,2019-12-31
6067726,SA_0000001842,COUNTRY,BTN,SEAR,South-East Asia,YEAR,2019,SEX,SEX_MLE,,,,,,,0,0,,,,2025-05-23T08:01:04Z,2019,2019-01-01,2019-12-31
6290122,SA_0000001842,COUNTRY,EST,EUR,Europe,YEAR,2019,SEX,SEX_FMLE,,,,,,,1.9,1.896989802,,,,2025-05-23T08:01:04Z,2019,2019-01-01,2019-12-31
1945044,SA_0000001842,COUNTRY,DZA,AFR,Africa,YEAR,2019,SEX,SEX_FMLE,,,,,,,0,0.015593094,,,,2025-05-23T08:01:04Z,2019,2019-01-01,2019-12-31
5514371,SA_0000001842,COUNTRY,TCD,AFR,Africa,YEAR,2019,SEX,SEX_FMLE,,,,,,,1.6,1.628621791,,,,2025-05-23T08:01:04Z,2019,2019-01-01,2019-12-31
5066266,SA_0000001842,COUNTRY,IDN,SEAR,South-East Asia,YEAR,2019,SEX,SEX_BTSX,,,,,,,0,0,,,,2025-05-23T08:01:04Z,2019,2019-01-01,2019-12-31
4081013,SA_0000001842,COUNTRY,CIV,AFR,Africa,YEAR,2019,SEX,SEX_BTSX,,,,,,,1.9,1.932205608,,,,2025-05-23T08:01:04Z,2019,2019-01-01,2019-12-31
3610116,SA_0000001842,COUNTRY,MRT,AFR,Africa,YEAR,2019,SEX,SEX_FMLE,,,,,,,0,0,,,,2025-05-23T08:01:04Z,2019,2019-01-01,2019-12-31
9943443,SA_0000001842,COUNTRY,PHL,WPR,Western Pacific,YEAR,2019,SEX,SEX_FMLE,,,,,,,1.1,1.088821855,,,,2025-05-23T08:01:04Z,2019,2019-01-01,2019-12-31
2363636,SA_0000001842,COUNTRY,MNG,WPR,Western Pacific,YEAR,2019,SEX,SEX_BTSX,,,,,,,5.1,5.051497078,,,,2025-05-23T08:01:04Z,2019,2019-01-01,2019-12-31
9956242,SA_0000001842,COUNTRY,HRV,EUR,Europe,YEAR,2019,SEX,SEX_FMLE,,,,,,,1,0.969775237,,,,2025-05-23T08:01:04Z,2019,2019-01-01,2019-12-31
5540037,SA_0000001842,COUNTRY,MAR,EMR,Eastern Mediterranean,YEAR,2019,SEX,SEX_MLE,,,,,,,0.7,0.746962412,,,,2025-05-23T08:01:04Z,2019,2019-01-01,2019-12-31
5291683,SA_0000001842,COUNTRY,PRY,AMR,Americas,YEAR,2019,SEX,SEX_BTSX,,,,,,,2.9,2.880182058,,,,2025-05-23T08:01:04Z,2019,2019-01-01,2019-12-31
5616572,SA_0000001842,COUNTRY,PRK,SEAR,South-East Asia,YEAR,2019,SEX,SEX_BTSX,,,,,,,0.8,0.792091517,,,,2025-05-23T08:01:04Z,2019,2019-01-01,2019-12-31
9559851,SA_0000001842,COUNTRY,LKA,SEAR,South-East Asia,YEAR,2019,SEX,SEX_BTSX,,,,,,,0.9,0.868238898,,,,2025-05-23T08:01:04Z,2019,2019-01-01,2019-12-31
4030374,SA_0000001842,COUNTRY,BHR,EMR,Eastern Mediterranean,YEAR,2019,SEX,SEX_MLE,,,,,,,0.5,0.505077073,,,,2025-05-23T08:01:04Z,2019,2019-01-01,2019-12-31
5247320,SA_0000001842,COUNTRY,NGA,AFR,Africa,YEAR,2019,SEX,SEX_FMLE,,,,,,,1.8,1.754852124,,,,2025-05-23T08:01:04Z,2019,2019-01-01,2019-12-31
4144552,SA_0000001842,COUNTRY,DJI,EMR,Eastern Mediterranean,YEAR,2019,SEX,SEX_BTSX,,,,,,,0.1,0.083377088,,,,2025-05-23T08:01:04Z,2019,2019-01-01,2019-12-31
7068265,SA_0000001842,COUNTRY,MYS,WPR,Western Pacific,YEAR,2019,SEX,SEX_FMLE,,,,,,,0,2.91534e-4,,,,2025-05-23T08:01:04Z,2019,2019-01-01,2019-12-31
5202787,SA_0000001842,COUNTRY,QAT,EMR,Eastern Mediterranean,YEAR,2019,SEX,SEX_BTSX,,,,,,,0,0.001260057,,,,2025-05-23T08:01:04Z,2019,2019-01-01,2019-12-31
8561718,SA_0000001842,COUNTRY,HTI,AMR,Americas,YEAR,2019,SEX,SEX_FMLE,,,,,,,0.1,0.058078509,,,,2025-05-23T08:01:04Z,2019,2019-01-01,2019-12-31
8778149,SA_0000001842,COUNTRY,MWI,AFR,Africa,YEAR,2019,SEX,SEX_MLE,,,,,,,5.8,5.832187682,,,,2025-05-23T08:01:04Z,2019,2019-01-01,2019-12-31
5177442,SA_0000001842,COUNTRY,NLD,EUR,Europe,YEAR,2019,SEX,SEX_BTSX,,,,,,,3.7,3.724409708,,,,2025-05-23T08:01:04Z,2019,2019-01-01,2019-12-31
1036104,SA_0000001842,COUNTRY,MDV,SEAR,South-East Asia,YEAR,2019,SEX,SEX_FMLE,,,,,,,3.8,3.756628902,,,,2025-05-23T08:01:04Z,2019,2019-01-01,2019-12-31
7341192,SA_0000001842,COUNTRY,NGA,AFR,Africa,YEAR,2019,SEX,SEX_BTSX,,,,,,,6.1,6.096255432,,,,2025-05-23T08:01:04Z,2019,2019-01-01,2019-12-31
9013295,SA_0000001842,COUNTRY,AUS,WPR,Western Pacific,YEAR,2019,SEX,SEX_MLE,,,,,,,7,6.99803361,,,,2025-05-23T08:01:04Z,2019,2019-01-01,2019-12-31
3648728,SA_0000001842,COUNTRY,JOR,EMR,Eastern Mediterranean,YEAR,2019,SEX,SEX_BTSX,,,,,,,0,0.003295808,,,,2025-05-23T08:01:04Z,2019,2019-01-01,2019-12-31
1004428,SA_0000001842,COUNTRY,LSO,AFR,Africa,YEAR,2019,SEX,SEX_FMLE,,,,,,,3,2.991803233,,,,2025-05-23T08:01:04Z,2019,2019-01-01,2019-12-31
5368236,SA_0000001842,COUNTRY,JPN,WPR,Western Pacific,YEAR,2019,SEX,SEX_BTSX,,,,,,,2.3,2.259518839,,,,2025-05-23T08:01:04Z,2019,2019-01-01,2019-12-31
5419290,SA_0000001842,COUNTRY,USA,AMR,Americas,YEAR,2019,SEX,SEX_BTSX,,,,,,,4.9,4.868158467,,,,2025-05-23T08:01:04Z,2019,2019-01-01,2019-12-31
3202889,SA_0000001842,COUNTRY,CPV,AFR,Africa,YEAR,2019,SEX,SEX_BTSX,,,,,,,2.9,2.946012974,,,,2025-05-23T08:01:04Z,2019,2019-01-01,2019-12-31
6687898,SA_0000001842,COUNTRY,SDN,EMR,Eastern Mediterranean,YEAR,2019,SEX,SEX_BTSX,,,,,,,0,0,,,,2025-05-23T08:01:04Z,2019,2019-01-01,2019-12-31
3444807,SA_0000001842,COUNTRY,POL,EUR,Europe,YEAR,2019,SEX,SEX_BTSX,,,,,,,6.9,6.895045224,,,,2025-05-23T08:01:04Z,2019,2019-01-01,2019-12-31
3355769,SA_0000001842,COUNTRY,DNK,EUR,Europe,YEAR,2019,SEX,SEX_BTSX,,,,,,,3.8,3.753651511,,,,2025-05-23T08:01:04Z,2019,2019-01-01,2019-12-31
9274078,SA_0000001842,COUNTRY,SOM,EMR,Eastern Mediterranean,YEAR,2019,SEX,SEX_FMLE,,,,,,,0,0,,,,2025-05-23T08:01:04Z,2019,2019-01-01,2019-12-31
7328599,SA_0000001842,COUNTRY,KOR,WPR,Western Pacific,YEAR,2019,SEX,SEX_MLE,,,,,,,5,4.987227238,,,,2025-05-23T08:01:04Z,2019,2019-01-01,2019-12-31
6284323,SA_0000001842,COUNTRY,SWE,EUR,Europe,YEAR,2019,SEX,SEX_BTSX,,,,,,,3.8,3.789338232,,,,2025-05-23T08:01:04Z,2019,2019-01-01,2019-12-31
7811762,SA_0000001842,COUNTRY,GNB,AFR,Africa,YEAR,2019,SEX,SEX_FMLE,,,,,,,1.5,1.450970752,,,,2025-05-23T08:01:04Z,2019,2019-01-01,2019-12-31
8078557,SA_0000001842,COUNTRY,MLT,EUR,Europe,YEAR,2019,SEX,SEX_BTSX,,,,,,,2.6,2.63874717,,,,2025-05-23T08:01:04Z,2019,2019-01-01,2019-12-31
3687163,SA_0000001842,COUNTRY,BFA,AFR,Africa,YEAR,2019,SEX,SEX_BTSX,,,,,,,17.8,17.823747202,,,,2025-05-23T08:01:04Z,2019,2019-01-01,2019-12-31
6872183,SA_0000001842,COUNTRY,CPV,AFR,Africa,YEAR,2019,SEX,SEX_MLE,,,,,,,5,4.958380263,,,,2025-05-23T08:01:04Z,2019,2019-01-01,2019-12-31
4749049,SA_0000001842,COUNTRY,TGO,AFR,Africa,YEAR,2019,SEX,SEX_BTSX,,,,,,,0,0.022442635,,,,2025-05-23T08:01:04Z,2019,2019-01-01,2019-12-31
7767156,SA_0000001842,COUNTRY,GUY,AMR,Americas,YEAR,2019,SEX,SEX_MLE,,,,,,,5.4,5.378695936,,,,2025-05-23T08:01:04Z,2019,2019-01-01,2019-12-31
8155087,SA_0000001842,COUNTRY,MLT,EUR,Europe,YEAR,2019,SEX,SEX_FMLE,,,,,,,0.5,0.475916276,,,,2025-05-23T08:01:04Z,2019,2019-01-01,2019-12-31
3986189,SA_0000001842,COUNTRY,BHS,AMR,Americas,YEAR,2019,SEX,SEX_FMLE,,,,,,,0.2,0.168018499,,,,2025-05-23T08:01:04Z,2019,2019-01-01,2019-12-31
4113193,SA_0000001842,COUNTRY,LBN,EMR,Eastern Mediterranean,YEAR,2019,SEX,SEX_FMLE,,,,,,,0.3,0.265100553,,,,2025-05-23T08:01:04Z,2019,2019-01-01,2019-12-31
8065835,SA_0000001842,COUNTRY,SYR,EMR,Eastern Mediterranean,YEAR,2019,SEX,SEX_MLE,,,,,,,3.7,3.744228321,,,,2025-05-23T08:01:04Z,2019,2019-01-01,2019-12-31
2060153,SA_0000001842,COUNTRY,LBR,AFR,Africa,YEAR,2019,SEX,SEX_FMLE,,,,,,,0.2,0.15447634,,,,2025-05-23T08:01:04Z,2019,2019-01-01,2019-12-31
4202402,SA_0000001842,COUNTRY,JAM,AMR,Americas,YEAR,2019,SEX,SEX_FMLE,,,,,,,0.1,0.073096223,,,,2025-05-23T08:01:04Z,2019,2019-01-01,2019-12-31
5756974,SA_0000001842,COUNTRY,LTU,EUR,Europe,YEAR,2019,SEX,SEX_MLE,,,,,,,11,10.984668407,,,,2025-05-23T08:01:04Z,2019,2019-01-01,2019-12-31
5826939,SA_0000001842,COUNTRY,IDN,SEAR,South-East Asia,YEAR,2019,SEX,SEX_MLE,,,,,,,0,0,,,,2025-05-23T08:01:04Z,2019,2019-01-01,2019-12-31
6023879,SA_0000001842,COUNTRY,KEN,AFR,Africa,YEAR,2019,SEX,SEX_BTSX,,,,,,,1.7,1.7301416,,,,2025-05-23T08:01:04Z,2019,2019-01-01,2019-12-31
7894280,SA_0000001842,COUNTRY,DOM,AMR,Americas,YEAR,2019,SEX,SEX_BTSX,,,,,,,4.1,4.130434237,,,,2025-05-23T08:01:04Z,2019,2019-01-01,2019-12-31
6796329,SA_0000001842,COUNTRY,TTO,AMR,Americas,YEAR,2019,SEX,SEX_MLE,,,,,,,6,6.036585208,,,,2025-05-23T08:01:04Z,2019,2019-01-01,2019-12-31
1793252,SA_0000001842,COUNTRY,COL,AMR,Americas,YEAR,2019,SEX,SEX_BTSX,,,,,,,3.3,3.312899381,,,,2025-05-23T08:01:04Z,2019,2019-01-01,2019-12-31
9617847,SA_0000001842,COUNTRY,GIN,AFR,Africa,YEAR,2019,SEX,SEX_BTSX,,,,,,,0,0.037070068,,,,2025-05-23T08:01:04Z,2019,2019-01-01,2019-12-31
621520,SA_0000001842,COUNTRY,CAN,AMR,Americas,YEAR,2019,SEX,SEX_BTSX,,,,,,,5.4,5.358538868,,,,2025-05-23T08:01:04Z,2019,2019-01-01,2019-12-31
811940,SA_0000001842,COUNTRY,PRK,SEAR,South-East Asia,YEAR,2019,SEX,SEX_MLE,,,,,,,1.4,1.390755951,,,,2025-05-23T08:01:04Z,2019,2019-01-01,2019-12-31
2695396,SA_0000001842,COUNTRY,UGA,AFR,Africa,YEAR,2019,SEX,SEX_FMLE,,,,,,,8.3,8.318009797,,,,2025-05-23T08:01:04Z,2019,2019-01-01,2019-12-31
55279,SA_0000001842,COUNTRY,CZE,EUR,Europe,YEAR,2019,SEX,SEX_FMLE,,,,,,,3,3.003098437,,,,2025-05-23T08:01:04Z,2019,2019-01-01,2019-12-31
7424192,SA_0000001842,COUNTRY,TUN,EMR,Eastern Mediterranean,YEAR,2019,SEX,SEX_MLE,,,,,,,14.2,14.239611489,,,,2025-05-23T08:01:04Z,2019,2019-01-01,2019-12-31
7773730,SA_0000001842,COUNTRY,LBN,EMR,Eastern Mediterranean,YEAR,2019,SEX,SEX_MLE,,,,,,,3.3,3.33445146,,,,2025-05-23T08:01:04Z,2019,2019-01-01,2019-12-31
7221844,SA_0000001842,COUNTRY,MYS,WPR,Western Pacific,YEAR,2019,SEX,SEX_MLE,,,,,,,0.1,0.067241267,,,,2025-05-23T08:01:04Z,2019,2019-01-01,2019-12-31
6764564,SA_0000001842,COUNTRY,BLZ,AMR,Americas,YEAR,2019,SEX,SEX_FMLE,,,,,,,0.6,0.562745778,,,,2025-05-23T08:01:04Z,2019,2019-01-01,2019-12-31
621655,SA_0000001842,COUNTRY,MDV,SEAR,South-East Asia,YEAR,2019,SEX,SEX_MLE,,,,,,,14.4,14.433818614,,,,2025-05-23T08:01:04Z,2019,2019-01-01,2019-12-31
2523578,SA_0000001842,COUNTRY,IRL,EUR,Europe,YEAR,2019,SEX,SEX_BTSX,,,,,,,5.1,5.106089901,,,,2025-05-23T08:01:04Z,2019,2019-01-01,2019-12-31
1373302,SA_0000001842,COUNTRY,TJK,EUR,Europe,YEAR,2019,SEX,SEX_BTSX,,,,,,,0.3,0.349172609,,,,2025-05-23T08:01:04Z,2019,2019-01-01,2019-12-31
3579107,SA_0000001842,COUNTRY,EGY,EMR,Eastern Mediterranean,YEAR,2019,SEX,SEX_MLE,,,,,,,0,1.917e-6,,,,2025-05-23T08:01:04Z,2019,2019-01-01,2019-12-31
2130493,SA_0000001842,COUNTRY,GBR,EUR,Europe,YEAR,2019,SEX,SEX_FMLE,,,,,,,1.4,1.428058433,,,,2025-05-23T08:01:04Z,2019,2019-01-01,2019-12-31
8797980,SA_0000001842,COUNTRY,COG,AFR,Africa,YEAR,2019,SEX,SEX_MLE,,,,,,,5.5,5.534794806,,,,2025-05-23T08:01:04Z,2019,2019-01-01,2019-12-31
5972978,SA_0000001842,COUNTRY,RUS,EUR,Europe,YEAR,2019,SEX,SEX_BTSX,,,,,,,8.4,8.419832507,,,,2025-05-23T08:01:04Z,2019,2019-01-01,2019-12-31
7881703,SA_0000001842,COUNTRY,FJI,WPR,Western Pacific,YEAR,2019,SEX,SEX_BTSX,,,,,,,3.5,3.492836587,,,,2025-05-23T08:01:04Z,2019,2019-01-01,2019-12-31
5087631,SA_0000001842,COUNTRY,MLI,AFR,Africa,YEAR,2019,SEX,SEX_BTSX,,,,,,,15,14.958117104,,,,2025-05-23T08:01:04Z,2019,2019-01-01,2019-12-31
8340084,SA_0000001842,COUNTRY,MUS,AFR,Africa,YEAR,2019,SEX,SEX_BTSX,,,,,,,7,7.024355812,,,,2025-05-23T08:01:04Z,2019,2019-01-01,2019-12-31
6847030,SA_0000001842,COUNTRY,CHL,AMR,Americas,YEAR,2019,SEX,SEX_BTSX,,,,,,,2.6,2.600965626,,,,2025-05-23T08:01:04Z,2019,2019-01-01,2019-12-31
9223820,SA_0000001842,COUNTRY,JAM,AMR,Americas,YEAR,2019,SEX,SEX_MLE,,,,,,,1.5,1.535477707,,,,2025-05-23T08:01:04Z,2019,2019-01-01,2019-12-31
3865909,SA_0000001842,COUNTRY,ISR,EUR,Europe,YEAR,2019,SEX,SEX_BTSX,,,,,,,0.2,0.160329492,,,,2025-05-23T08:01:04Z,2019,2019-01-01,2019-12-31
1691391,SA_0000001842,COUNTRY,CIV,AFR,Africa,YEAR,2019,SEX,SEX_MLE,,,,,,,3.3,3.256631908,,,,2025-05-23T08:01:04Z,2019,2019-01-01,2019-12-31
6437143,SA_0000001842,COUNTRY,BOL,AMR,Americas,YEAR,2019,SEX,SEX_MLE,,,,,,,0.9,0.854663304,,,,2025-05-23T08:01:04Z,2019,2019-01-01,2019-12-31
8766168,SA_0000001842,COUNTRY,CUB,AMR,Americas,YEAR,2019,SEX,SEX_BTSX,,,,,,,3.5,3.501043206,,,,2025-05-23T08:01:04Z,2019,2019-01-01,2019-12-31
3349875,SA_0000001842,COUNTRY,CHN,WPR,Western Pacific,YEAR,2019,SEX,SEX_MLE,,,,,,,2.1,2.056987919,,,,2025-05-23T08:01:04Z,2019,2019-01-01,2019-12-31
2105064,SA_0000001842,COUNTRY,TLS,SEAR,South-East Asia,YEAR,2019,SEX,SEX_MLE,,,,,,,0,0,,,,2025-05-23T08:01:04Z,2019,2019-01-01,2019-12-31
5381603,SA_0000001842,COUNTRY,GHA,AFR,Africa,YEAR,2019,SEX,SEX_BTSX,,,,,,,2.6,2.624457677,,,,2025-05-23T08:01:04Z,2019,2019-01-01,2019-12-31
5458052,SA_0000001842,COUNTRY,PRT,EUR,Europe,YEAR,2019,SEX,SEX_FMLE,,,,,,,1.5,1.481926674,,,,2025-05-23T08:01:04Z,2019,2019-01-01,2019-12-31
5668172,SA_0000001842,COUNTRY,MDA,EUR,Europe,YEAR,2019,SEX,SEX_FMLE,,,,,,,2.4,2.428191207,,,,2025-05-23T08:01:04Z,2019,2019-01-01,2019-12-31
7812215,SA_0000001842,COUNTRY,COD,AFR,Africa,YEAR,2019,SEX,SEX_BTSX,,,,,,,0.1,0.10431716,,,,2025-05-23T08:01:04Z,2019,2019-01-01,2019-12-31
2492076,SA_0000001842,COUNTRY,SLE,AFR,Africa,YEAR,2019,SEX,SEX_BTSX,,,,,,,0,1.54e-7,,,,2025-05-23T08:01:04Z,2019,2019-01-01,2019-12-31
8849191,SA_0000001842,COUNTRY,ALB,EUR,Europe,YEAR,2019,SEX,SEX_BTSX,,,,,,,2.4,2.352997534,,,,2025-05-23T08:01:04Z,2019,2019-01-01,2019-12-31
1323295,SA_0000001842,COUNTRY,RUS,EUR,Europe,YEAR,2019,SEX,SEX_FMLE,,,,,,,3.1,3.086441998,,,,2025-05-23T08:01:04Z,2019,2019-01-01,2019-12-31
5113222,SA_0000001842,COUNTRY,HUN,EUR,Europe,YEAR,2019,SEX,SEX_FMLE,,,,,,,1.7,1.709864427,,,,2025-05-23T08:01:04Z,2019,2019-01-01,2019-12-31
8918499,SA_0000001842,COUNTRY,UZB,EUR,Europe,YEAR,2019,SEX,SEX_FMLE,,,,,,,1.7,1.677247585,,,,2025-05-23T08:01:04Z,2019,2019-01-01,2019-12-31
2168736,SA_0000001842,COUNTRY,TGO,AFR,Africa,YEAR,2019,SEX,SEX_MLE,,,,,,,0,0.040492054,,,,2025-05-23T08:01:04Z,2019,2019-01-01,2019-12-31
1036851,SA_0000001842,COUNTRY,KIR,WPR,Western Pacific,YEAR,2019,SEX,SEX_BTSX,,,,,,,0,0.002214321,,,,2025-05-23T08:01:04Z,2019,2019-01-01,2019-12-31
7360703,SA_0000001842,COUNTRY,PRT,EUR,Europe,YEAR,2019,SEX,SEX_BTSX,,,,,,,5.3,5.272848829,,,,2025-05-23T08:01:04Z,2019,2019-01-01,2019-12-31
9045714,SA_0000001842,COUNTRY,AGO,AFR,Africa,YEAR,2019,SEX,SEX_BTSX,,,,,,,2.5,2.547779688,,,,2025-05-23T08:01:04Z,2019,2019-01-01,2019-12-31
7684854,SA_0000001842,COUNTRY,BLR,EUR,Europe,YEAR,2019,SEX,SEX_BTSX,,,,,,,7.4,7.404202613,,,,2025-05-23T08:01:04Z,2019,2019-01-01,2019-12-31
3152675,SA_0000001842,COUNTRY,CRI,AMR,Americas,YEAR,2019,SEX,SEX_MLE,,,,,,,2,1.982830989,,,,2025-05-23T08:01:04Z,2019,2019-01-01,2019-12-31
1583320,SA_0000001842,COUNTRY,ARE,EMR,Eastern Mediterranean,YEAR,2019,SEX,SEX_BTSX,,,,,,,8.9,8.921397605,,,,2025-05-23T08:01:04Z,2019,2019-01-01,2019-12-31
310204,SA_0000001842,COUNTRY,BRN,WPR,Western Pacific,YEAR,2019,SEX,SEX_MLE,,,,,,,0,1e-9,,,,2025-05-23T08:01:04Z,2019,2019-01-01,2019-12-31
1202440,SA_0000001842,COUNTRY,TUR,EUR,Europe,YEAR,2019,SEX,SEX_BTSX,,,,,,,5.4,5.414641718,,,,2025-05-23T08:01:04Z,2019,2019-01-01,2019-12-31
3369176,SA_0000001842,COUNTRY,TUR,EUR,Europe,YEAR,2019,SEX,SEX_FMLE,,,,,,,1.4,1.394170541,,,,2025-05-23T08:01:04Z,2019,2019-01-01,2019-12-31
399377,SA_0000001842,COUNTRY,GUY,AMR,Americas,YEAR,2019,SEX,SEX_FMLE,,,,,,,0.6,0.645385785,,,,2025-05-23T08:01:04Z,2019,2019-01-01,2019-12-31
507449,SA_0000001842,COUNTRY,TON,WPR,Western Pacific,YEAR,2019,SEX,SEX_BTSX,,,,,,,0,2.02e-7,,,,2025-05-23T08:01:04Z,2019,2019-01-01,2019-12-31
2428533,SA_0000001842,COUNTRY,ZAF,AFR,Africa,YEAR,2019,SEX,SEX_BTSX,,,,,,,14.6,14.57434963,,,,2025-05-23T08:01:04Z,2019,2019-01-01,2019-12-31
2911416,SA_0000001842,COUNTRY,GIN,AFR,Africa,YEAR,2019,SEX,SEX_MLE,,,,,,,0.1,0.0656016,,,,2025-05-23T08:01:04Z,2019,2019-01-01,2019-12-31
3783377,SA_0000001842,COUNTRY,KHM,WPR,Western Pacific,YEAR,2019,SEX,SEX_FMLE,,,,,,,2.4,2.385253546,,,,2025-05-23T08:01:04Z,2019,2019-01-01,2019-12-31
4139247,SA_0000001842,COUNTRY,ATG,AMR,Americas,YEAR,2019,SEX,SEX_MLE,,,,,,,9.8,9.815103979,,,,2025-05-23T08:01:04Z,2019,2019-01-01,2019-12-31
1317064,SA_0000001842,COUNTRY,BLZ,AMR,Americas,YEAR,2019,SEX,SEX_BTSX,,,,,,,3,2.954880695,,,,2025-05-23T08:01:04Z,2019,2019-01-01,2019-12-31
3458385,SA_0000001842,COUNTRY,ESP,EUR,Europe,YEAR,2019,SEX,SEX_FMLE,,,,,,,1.5,1.479446881,,,,2025-05-23T08:01:04Z,2019,2019-01-01,2019-12-31
9389350,SA_0000001842,COUNTRY,TKM,EUR,Europe,YEAR,2019,SEX,SEX_MLE,,,,,,,9.6,9.638096945,,,,2025-05-23T08:01:04Z,2019,2019-01-01,2019-12-31
4094667,SA_0000001842,COUNTRY,BGD,SEAR,South-East Asia,YEAR,2019,SEX,SEX_FMLE,,,,,,,0,0,,,,2025-05-23T08:01:04Z,2019,2019-01-01,2019-12-31
4596942,SA_0000001842,COUNTRY,BEN,AFR,Africa,YEAR,2019,SEX,SEX_MLE,,,,,,,13.8,13.820626198,,,,2025-05-23T08:01:04Z,2019,2019-01-01,2019-12-31
3815395,SA_0000001842,COUNTRY,GAB,AFR,Africa,YEAR,2019,SEX,SEX_FMLE,,,,,,,1.1,1.126802842,,,,2025-05-23T08:01:04Z,2019,2019-01-01,2019-12-31
7373661,SA_0000001842,COUNTRY,GHA,AFR,Africa,YEAR,2019,SEX,SEX_MLE,,,,,,,4.4,4.408207992,,,,2025-05-23T08:01:04Z,2019,2019-01-01,2019-12-31
4622495,SA_0000001842,COUNTRY,ZMB,AFR,Africa,YEAR,2019,SEX,SEX_MLE,,,,,,,4,4.042708767,,,,2025-05-23T08:01:04Z,2019,2019-01-01,2019-12-31
6253240,SA_0000001842,COUNTRY,NPL,SEAR,South-East Asia,YEAR,2019,SEX,SEX_MLE,,,,,,,0.4,0.41092978,,,,2025-05-23T08:01:04Z,2019,2019-01-01,2019-12-31
246719,SA_0000001842,COUNTRY,TLS,SEAR,South-East Asia,YEAR,2019,SEX,SEX_FMLE,,,,,,,0,0,,,,2025-05-23T08:01:04Z,2019,2019-01-01,2019-12-31
8066513,SA_0000001842,COUNTRY,ARM,EUR,Europe,YEAR,2019,SEX,SEX_FMLE,,,,,,,0.5,0.516518693,,,,2025-05-23T08:01:04Z,2019,2019-01-01,2019-12-31
5191190,SA_0000001842,COUNTRY,VCT,AMR,Americas,YEAR,2019,SEX,SEX_MLE,,,,,,,7.4,7.366881454,,,,2025-05-23T08:01:04Z,2019,2019-01-01,2019-12-31
1545457,SA_0000001842,COUNTRY,ZWE,AFR,Africa,YEAR,2019,SEX,SEX_FMLE,,,,,,,3,3.03759395,,,,2025-05-23T08:01:04Z,2019,2019-01-01,2019-12-31
1959149,SA_0000001842,COUNTRY,UKR,EUR,Europe,YEAR,2019,SEX,SEX_BTSX,,,,,,,5.2,5.189215311,,,,2025-05-23T08:01:04Z,2019,2019-01-01,2019-12-31
6492152,SA_0000001842,COUNTRY,THA,SEAR,South-East Asia,YEAR,2019,SEX,SEX_FMLE,,,,,,,2,2.006367157,,,,2025-05-23T08:01:04Z,2019,2019-01-01,2019-12-31
2829185,SA_0000001842,COUNTRY,NOR,EUR,Europe,YEAR,2019,SEX,SEX_MLE,,,,,,,2.8,2.814702942,,,,2025-05-23T08:01:04Z,2019,2019-01-01,2019-12-31
1532764,SA_0000001842,COUNTRY,SVK,EUR,Europe,YEAR,2019,SEX,SEX_BTSX,,,,,,,6.3,6.28867621,,,,2025-05-23T08:01:04Z,2019,2019-01-01,2019-12-31
7031282,SA_0000001842,COUNTRY,DEU,EUR,Europe,YEAR,2019,SEX,SEX_BTSX,,,,,,,6.4,6.414352385,,,,2025-05-23T08:01:04Z,2019,2019-01-01,2019-12-31
7133248,SA_0000001842,COUNTRY,COK,WPR,Western Pacific,YEAR,2019,SEX,SEX_BTSX,,,,,,,12.8,12.784517773,,,,2025-05-23T08:01:04Z,2019,2019-01-01,2019-12-31
2867423,SA_0000001842,COUNTRY,SLV,AMR,Americas,YEAR,2019,SEX,SEX_MLE,,,,,,,3.1,3.087144157,,,,2025-05-23T08:01:04Z,2019,2019-01-01,2019-12-31
6873023,SA_0000001842,COUNTRY,VNM,WPR,Western Pacific,YEAR,2019,SEX,SEX_FMLE,,,,,,,2.5,2.459947169,,,,2025-05-23T08:01:04Z,2019,2019-01-01,2019-12-31
5292994,SA_0000001842,COUNTRY,KAZ,EUR,Europe,YEAR,2019,SEX,SEX_MLE,,,,,,,11.6,11.625269439,,,,2025-05-23T08:01:04Z,2019,2019-01-01,2019-12-31
2600601,SA_0000001842,COUNTRY,TGO,AFR,Africa,YEAR,2019,SEX,SEX_FMLE,,,,,,,0,1.34192e-4,,,,2025-05-23T08:01:04Z,2019,2019-01-01,2019-12-31
1011627,SA_0000001842,COUNTRY,SVN,EUR,Europe,YEAR,2019,SEX,SEX_FMLE,,,,,,,2.1,2.139973694,,,,2025-05-23T08:01:04Z,2019,2019-01-01,2019-12-31
6348986,SA_0000001842,COUNTRY,FJI,WPR,Western Pacific,YEAR,2019,SEX,SEX_MLE,,,,,,,5.8,5.762971714,,,,2025-05-23T08:01:04Z,2019,2019-01-01,2019-12-31
691776,SA_0000001842,COUNTRY,IRL,EUR,Europe,YEAR,2019,SEX,SEX_MLE,,,,,,,8.5,8.514470909,,,,2025-05-23T08:01:04Z,2019,2019-01-01,2019-12-31
1037209,SA_0000001842,COUNTRY,GEO,EUR,Europe,YEAR,2019,SEX,SEX_BTSX,,,,,,,14.7,14.657572526,,,,2025-05-23T08:01:04Z,2019,2019-01-01,2019-12-31
4552616,SA_0000001842,COUNTRY,MLT,EUR,Europe,YEAR,2019,SEX,SEX_MLE,,,,,,,4.6,4.562041641,,,,2025-05-23T08:01:04Z,2019,2019-01-01,2019-12-31
3802842,SA_0000001842,COUNTRY,BDI,AFR,Africa,YEAR,2019,SEX,SEX_MLE,,,,,,,5.2,5.186281489,,,,2025-05-23T08:01:04Z,2019,2019-01-01,2019-12-31
596845,SA_0000001842,COUNTRY,BRB,AMR,Americas,YEAR,2019,SEX,SEX_MLE,,,,,,,12.1,12.125190881,,,,2025-05-23T08:01:04Z,2019,2019-01-01,2019-12-31
4469798,SA_0000001842,COUNTRY,CMR,AFR,Africa,YEAR,2019,SEX,SEX_BTSX,,,,,,,9.7,9.699959107,,,,2025-05-23T08:01:04Z,2019,2019-01-01,2019-12-31
6062879,SA_0000001842,COUNTRY,HND,AMR,Americas,YEAR,2019,SEX,SEX_MLE,,,,,,,2.2,2.197806381,,,,2025-05-23T08:01:04Z,2019,2019-01-01,2019-12-31
3121590,SA_0000001842,COUNTRY,URY,AMR,Americas,YEAR,2019,SEX,SEX_FMLE,,,,,,,0.1,0.139918576,,,,2025-05-23T08:01:04Z,2019,2019-01-01,2019-12-31
