location,sex,age,year,precent_of_prevalence,upper_bound,lower_bound
Albania,Male,15-19 years,2010,0.00939928773703,0.0151258320685039,0.0053071841799493
Albania,Female,15-19 years,2010,0.0063881603418738,0.0105020606248548,0.0033928186901085
Albania,Both Sexes,15-19 years,2010,0.00788569,0.012866018,0.004240804
Albania,Male,20-24 years,2010,0.0256251127757489,0.0404912803440417,0.0152402677093384
Albania,Female,20-24 years,2010,0.0184237102715175,0.029211449012242,0.0106470680100007
Albania,Both Sexes,20-24 years,2010,0.022157235,0.03499756,0.012999913
Albania,Male,25-29 years,2010,0.0309979606767384,0.0428860773366518,0.0206280454724322
Albania,Female,25-29 years,2010,0.0249813503398638,0.035432166554861,0.0161199128353583
Albania,Both Sexes,25-29 years,2010,0.028012004,0.038112288,0.019215227
Albania,Male,30-34 years,2010,0.0306098730433519,0.0435916213670346,0.0195693659210794
Albania,Female,30-34 years,2010,0.0268892270014472,0.0400326873942672,0.0159376289432682
Albania,Both Sexes,30-34 years,2010,0.028670881,0.041647166,0.017771712
Albania,Male,35-39 years,2010,0.0251591732805521,0.0339593174705453,0.0169097603436768
Albania,Female,35-39 years,2010,0.0244665794240345,0.0341296682960401,0.015797697685355
Albania,Both Sexes,35-39 years,2010,0.024792524,0.034619718,0.016888414
Albania,Male,40-44 years,2010,0.019988156042798,0.0287606308894036,0.0132298806509307
Albania,Female,40-44 years,2010,0.0214392328843008,0.0319738094041129,0.0135421096984926
Albania,Both Sexes,40-44 years,2010,0.020742355,0.029859893,0.013429986
Albania,Male,15-19 years,2011,0.0094348624622081,0.0149719409171627,0.0052578407278593
Albania,Female,15-19 years,2011,0.0063835288602423,0.0104566231079644,0.00339151153858
Albania,Both Sexes,15-19 years,2011,0.007897806,0.012715184,0.004196728
Albania,Male,20-24 years,2011,0.0258242814046022,0.0405145704077101,0.0155862676131305
Albania,Female,20-24 years,2011,0.0184330286932599,0.0292537502320237,0.0106646586826832
Albania,Both Sexes,20-24 years,2011,0.022273369,0.035158263,0.013279588
Albania,Male,25-29 years,2011,0.0313733347173637,0.0436186285674917,0.0210368046500856
Albania,Female,25-29 years,2011,0.0250530825992253,0.0356240148702004,0.0161883516938291
Albania,Both Sexes,25-29 years,2011,0.028284126,0.038564472,0.019382262
Albania,Male,30-34 years,2011,0.0310934493994038,0.0440857930149538,0.0198211556333243
Albania,Female,30-34 years,2011,0.0270201777727628,0.040730940529808,0.0159378114163716
Albania,Both Sexes,30-34 years,2011,0.028986576,0.042141044,0.017897072
Albania,Male,35-39 years,2011,0.0256468898602827,0.0347512193336921,0.017473578895764
Albania,Female,35-39 years,2011,0.0246133036812111,0.0345134019491138,0.0161217023291108
Albania,Both Sexes,35-39 years,2011,0.025099376,0.034795993,0.016980201
Albania,Male,40-44 years,2011,0.0204500519360615,0.029065724670887,0.0136211283266546
Albania,Female,40-44 years,2011,0.0216305378156934,0.0318148622637803,0.0137426888172652
Albania,Both Sexes,40-44 years,2011,0.021067797,0.030280015,0.013753924
Albania,Male,15-19 years,2012,0.009482925219037,0.0149337198705751,0.0050993699467665
Albania,Female,15-19 years,2012,0.0063700464712942,0.0103994082329799,0.0034236922365638
Albania,Both Sexes,15-19 years,2012,0.007912461,0.012664288,0.004144295
Albania,Male,20-24 years,2012,0.0261362348610824,0.0407953680558222,0.0157113647854864
Albania,Female,20-24 years,2012,0.0184392222188341,0.0293308515327295,0.0107269815369387
Albania,Both Sexes,20-24 years,2012,0.022434668,0.035426945,0.013439949
Albania,Male,25-29 years,2012,0.0321917740744819,0.0451718873908509,0.0213613867263449
Albania,Female,25-29 years,2012,0.0251497408190638,0.0359252885375528,0.0163013338011493
Albania,Both Sexes,25-29 years,2012,0.028801979,0.03974909,0.019688884
Albania,Male,30-34 years,2012,0.0322241119863955,0.0457004997631227,0.0203344861088908
Albania,Female,30-34 years,2012,0.0272269060727606,0.0417751876659955,0.0158283649440896
Albania,Both Sexes,30-34 years,2012,0.029658337,0.043249155,0.018278553
Albania,Male,35-39 years,2012,0.0267988172607658,0.0366911444798545,0.0186351266032508
Albania,Female,35-39 years,2012,0.0249604229130137,0.0345188052206643,0.0163205394821798
Albania,Both Sexes,35-39 years,2012,0.025826836,0.035626817,0.017568155
Albania,Male,40-44 years,2012,0.0215435856883247,0.0305474592157586,0.0147061132281124
Albania,Female,40-44 years,2012,0.0220858013707014,0.0321960377584956,0.0142130409988297
Albania,Both Sexes,40-44 years,2012,0.021828711,0.031257154,0.014204203
Albania,Male,15-19 years,2013,0.0095318139396417,0.0150253257477554,0.0050167102427126
Albania,Female,15-19 years,2013,0.0063520739687284,0.0103922969311924,0.0034499511110932
Albania,Both Sexes,15-19 years,2013,0.007926159,0.012636352,0.004271308
Albania,Male,20-24 years,2013,0.0264755353720747,0.0413471055482182,0.0157782814584758
Albania,Female,20-24 years,2013,0.0184395850345794,0.0295279518323724,0.0108057410892569
Albania,Both Sexes,20-24 years,2013,0.022592469,0.035768131,0.013530471
Albania,Male,25-29 years,2013,0.0331489760876677,0.0466449509220887,0.0218954772911691
Albania,Female,25-29 years,2013,0.0252473720110638,0.0363960791567782,0.0160968990164225
Albania,Both Sexes,25-29 years,2013,0.029403028,0.041093993,0.019938062
Albania,Male,30-34 years,2013,0.033573770194707,0.0480830604150215,0.0211476647576051
Albania,Female,30-34 years,2013,0.0274490840547795,0.0425825964478479,0.0160433464899079
Albania,Both Sexes,30-34 years,2013,0.030463274,0.044524549,0.018603353
Albania,Male,35-39 years,2013,0.0281721384996716,0.0384615620845904,0.0195345775024572
Albania,Female,35-39 years,2013,0.025374202075568,0.0349457583494535,0.016497467828097
Albania,Both Sexes,35-39 years,2013,0.026694733,0.036683514,0.018047573
Albania,Male,40-44 years,2013,0.0228472803777555,0.0317283933564334,0.0157239002318831
Albania,Female,40-44 years,2013,0.0226289847651956,0.032697188812994,0.0144418197424261
Albania,Both Sexes,40-44 years,2013,0.022732038,0.032430213,0.014821792
Albania,Male,15-19 years,2014,0.0095710843345037,0.0152202779367675,0.0051631622795523
Albania,Female,15-19 years,2014,0.0063331552500802,0.0104471814789326,0.0033733353749809
Albania,Both Sexes,15-19 years,2014,0.007933781,0.012773064,0.004425773
Albania,Male,20-24 years,2014,0.0267501267618262,0.0417447088830915,0.0157136624008056
Albania,Female,20-24 years,2014,0.0184318836341797,0.0294249978458772,0.0108404551480419
Albania,Both Sexes,20-24 years,2014,0.022706357,0.036124733,0.013534313
Albania,Male,25-29 years,2014,0.0339473474739416,0.0477087421480359,0.0224991452773359
Albania,Female,25-29 years,2014,0.0253219934472005,0.0364722385119856,0.0158998283223801
Albania,Both Sexes,25-29 years,2014,0.029903986,0.042157059,0.019967445
Albania,Male,30-34 years,2014,0.0347065376450436,0.0502369110922935,0.0213275028040405
Albania,Female,30-34 years,2014,0.0276264470253189,0.0422480947078073,0.0161788123053902
Albania,Both Sexes,30-34 years,2014,0.031148091,0.04549771,0.018832175
Albania,Male,35-39 years,2014,0.0293229946529503,0.0400259976587722,0.0199200434733853
Albania,Female,35-39 years,2014,0.0257208001193732,0.0357942778770143,0.0165913948448343
Albania,Both Sexes,35-39 years,2014,0.027428146,0.037669391,0.018403168
Albania,Male,40-44 years,2014,0.0239394095439764,0.0336945450457001,0.0160412868662243
Albania,Female,40-44 years,2014,0.0230840571257816,0.0336971018736919,0.0145167948369763
Albania,Both Sexes,40-44 years,2014,0.023486606,0.033428751,0.015445739
Albania,Male,15-19 years,2015,0.00959085070796,0.0154281416911554,0.0053612126182541
Albania,Female,15-19 years,2015,0.0063182771839277,0.0103842277685893,0.0033649431577423
Albania,Both Sexes,15-19 years,2015,0.007929623,0.012737164,0.00441841
Albania,Male,20-24 years,2015,0.0268748034039521,0.0421067116748975,0.0154773701005349
Albania,Female,20-24 years,2015,0.0184138602965687,0.0291700562455724,0.0107089207709902
Albania,Both Sexes,20-24 years,2015,0.022732783,0.036168658,0.013349874
Albania,Male,25-29 years,2015,0.0342873141696034,0.0486980278210547,0.0223467521114467
Albania,Female,25-29 years,2015,0.0253503582419699,0.0369289764070453,0.0157432076870725
Albania,Both Sexes,25-29 years,2015,0.030117414,0.042606852,0.019821849
Albania,Male,30-34 years,2015,0.0351903768237462,0.0514805438895721,0.0212582756624577
Albania,Female,30-34 years,2015,0.0276992643802003,0.0422393826571261,0.0161577783044741
Albania,Both Sexes,30-34 years,2015,0.031467258,0.046060739,0.018862463
Albania,Male,35-39 years,2015,0.0298082134548825,0.0406839966701578,0.0197729682786691
Albania,Female,35-39 years,2015,0.0258667529354112,0.0366596667831293,0.0164255055489578
Albania,Both Sexes,35-39 years,2015,0.027750076,0.038098281,0.018471841
Albania,Male,40-44 years,2015,0.0243983662410955,0.0345320100304641,0.0163645520686678
Albania,Female,40-44 years,2015,0.0232751690223603,0.0342978580269598,0.0147264103685368
Albania,Both Sexes,40-44 years,2015,0.02380211,0.034216966,0.015636744
Albania,Male,15-19 years,2016,0.009524620975423,0.0152390506257328,0.0050633453858894
Albania,Female,15-19 years,2016,0.0063023661994913,0.0103752025730164,0.0034711279437986
Albania,Both Sexes,15-19 years,2016,0.007879096,0.012751133,0.004310805
Albania,Male,20-24 years,2016,0.0265555227797893,0.0416045234644847,0.015349955293406
Albania,Female,20-24 years,2016,0.0183386278629161,0.0290981203248333,0.0105475455312789
Albania,Both Sexes,20-24 years,2016,0.022498286,0.035741614,0.013303885
Albania,Male,25-29 years,2016,0.0336313211243457,0.0477798782366049,0.0222969333434281
Albania,Female,25-29 years,2016,0.0252353656042003,0.0366773143462953,0.0157565675670996
Albania,Both Sexes,25-29 years,2016,0.029697506,0.042156809,0.01984963
Albania,Male,30-34 years,2016,0.0343715843572064,0.0496429211006248,0.0209200366467267
Albania,Female,30-34 years,2016,0.0275520603049311,0.0419704028990348,0.0161576755828143
Albania,Both Sexes,30-34 years,2016,0.031022195,0.045392027,0.018477286
Albania,Male,35-39 years,2016,0.029062680607252,0.0391670655790132,0.0196336470934993
Albania,Female,35-39 years,2016,0.0256916392855664,0.0358829051440453,0.0164447329611193
Albania,Both Sexes,35-39 years,2016,0.02731379,0.037312568,0.018241953
Albania,Male,40-44 years,2016,0.0237733021675502,0.0335251451840698,0.0160084963187962
Albania,Female,40-44 years,2016,0.0230985528499473,0.0333988336192655,0.0147251699394862
Albania,Both Sexes,40-44 years,2016,0.023415085,0.033511814,0.015443374
Albania,Male,15-19 years,2017,0.0093578092451043,0.0150613478515402,0.0049532104358441
Albania,Female,15-19 years,2017,0.0062791525687691,0.0103116269076859,0.0035286573296177
Albania,Both Sexes,15-19 years,2017,0.007778155,0.012452647,0.004196679
Albania,Male,20-24 years,2017,0.0257728839231113,0.0406291258985278,0.014942060355435
Albania,Female,20-24 years,2017,0.018191469016239,0.0286640298583967,0.0104763183350415
Albania,Both Sexes,20-24 years,2017,0.022002983,0.035021844,0.013012414
Albania,Male,25-29 years,2017,0.0320529149476189,0.0453302384195374,0.0214953754180236
Albania,Female,25-29 years,2017,0.0249559288473677,0.0363863855700924,0.0159840563347726
Albania,Both Sexes,25-29 years,2017,0.028711548,0.040442552,0.019272728
Albania,Male,30-34 years,2017,0.0323990247509674,0.0462445614201868,0.019863303496842
Albania,Female,30-34 years,2017,0.027186532517033,0.0413289594684991,0.0158176253742097
Albania,Both Sexes,30-34 years,2017,0.029870203,0.043967479,0.017625529
Albania,Male,35-39 years,2017,0.027279326925174,0.036930180423959,0.0184661935094232
Albania,Female,35-39 years,2017,0.0252588154220317,0.0350576139673895,0.0162313932853972
Albania,Both Sexes,35-39 years,2017,0.026237694,0.035624935,0.017536406
Albania,Male,40-44 years,2017,0.022280787589806,0.031349325856855,0.0151104248127661
Albania,Female,40-44 years,2017,0.0226611021861176,0.0327280992361086,0.014566688931654
Albania,Both Sexes,40-44 years,2017,0.022482191,0.032033645,0.014931548
Albania,Male,15-19 years,2018,0.009156707869368,0.014776795523206,0.0049534065505978
Albania,Female,15-19 years,2018,0.0062526145588244,0.0102416814054895,0.0034403262685026
Albania,Both Sexes,15-19 years,2018,0.007663677,0.012524194,0.004084845
Albania,Male,20-24 years,2018,0.0248319463458028,0.0394052963051366,0.0143059553141818
Albania,Female,20-24 years,2018,0.0180137187140125,0.0284555159235118,0.0104724638372234
Albania,Both Sexes,20-24 years,2018,0.021423837,0.034124214,0.012583293
Albania,Male,25-29 years,2018,0.0301642802785201,0.0423911117313867,0.0204417948021985
Albania,Female,25-29 years,2018,0.0246001226966256,0.0357470549289322,0.0158302029180457
Albania,Both Sexes,25-29 years,2018,0.027530115,0.038721398,0.018469773
Albania,Male,30-34 years,2018,0.030037084758238,0.0428696822914482,0.0185122022895358
Albania,Female,30-34 years,2018,0.0267178453332594,0.0408958235104301,0.0155114010105959
Albania,Both Sexes,30-34 years,2018,0.02844782,0.04157077,0.01686457
Albania,Male,35-39 years,2018,0.0251515706732956,0.0343832738596863,0.0174104718088033
Albania,Female,35-39 years,2018,0.0247094559242434,0.0342316657984127,0.0158989555106465
Albania,Both Sexes,35-39 years,2018,0.024926062,0.03367397,0.016711051
Albania,Male,40-44 years,2018,0.0204991908265246,0.0287608297842787,0.0141937688338315
Albania,Female,40-44 years,2018,0.0221023649228174,0.0319789586855975,0.0143391952224135
Albania,Both Sexes,40-44 years,2018,0.0213468,0.030299264,0.01424125
Albania,Male,15-19 years,2019,0.0089868849925002,0.0142923871243557,0.0048944279826813
Albania,Female,15-19 years,2019,0.0062265540467481,0.0100528765290853,0.0033349878276098
Albania,Both Sexes,15-19 years,2019,0.007563973,0.012127608,0.00400294
Albania,Male,20-24 years,2019,0.0240415383558035,0.0377169583866176,0.0139865175120162
Albania,Female,20-24 years,2019,0.0178448534949018,0.028460837833154,0.0103636972347187
Albania,Both Sexes,20-24 years,2019,0.020922584,0.033185138,0.012303746
Albania,Male,25-29 years,2019,0.0285743068785609,0.0397251995128187,0.0194086665816388
Albania,Female,25-29 years,2019,0.0242563207637563,0.0352953203151918,0.0156282966652927
Albania,Both Sexes,25-29 years,2019,0.026511666,0.037471715,0.017680482
Albania,Male,30-34 years,2019,0.0280562364350585,0.0405110340157942,0.0173205044354885
Albania,Female,30-34 years,2019,0.0262610292688033,0.0399802745486322,0.015306147309622
Albania,Both Sexes,30-34 years,2019,0.027203418,0.039232334,0.016219306
Albania,Male,35-39 years,2019,0.0233694431474042,0.0318544903397809,0.0159613387457516
Albania,Female,35-39 years,2019,0.0241846998160377,0.0334642701877484,0.0155307850087809
Albania,Both Sexes,35-39 years,2019,0.023781539,0.032151729,0.015888425
Albania,Male,40-44 years,2019,0.0190065982186282,0.0267652266581897,0.0132487668924246
Albania,Female,40-44 years,2019,0.0215617749955357,0.0314286858648555,0.0138444240518885
Albania,Both Sexes,40-44 years,2019,0.020352445,0.02888565,0.013651595
Czechia,Male,15-19 years,2010,0.0097037060285448,0.015452562501246,0.0055736192911848
Czechia,Female,15-19 years,2010,0.0066428209225785,0.0106077354926754,0.0033717726730442
Czechia,Both Sexes,15-19 years,2010,0.0081874,0.013121216,0.004571739
Czechia,Male,20-24 years,2010,0.0267941995912554,0.0408283750970993,0.0166479858215114
Czechia,Female,20-24 years,2010,0.0191326605958313,0.0297895124662616,0.0111205384733176
Czechia,Both Sexes,20-24 years,2010,0.023009506,0.035325463,0.01432995
Czechia,Male,25-29 years,2010,0.0336198505820427,0.0463527929563131,0.0235703778851967
Czechia,Female,25-29 years,2010,0.0256724023227464,0.0371451720041698,0.0165142067818698
Czechia,Both Sexes,25-29 years,2010,0.029736481,0.040802441,0.021312739
Czechia,Male,30-34 years,2010,0.0355790658551382,0.0505497658652153,0.023960169452242
Czechia,Female,30-34 years,2010,0.0285529188131814,0.0419499563825526,0.017077398265439
Czechia,Both Sexes,30-34 years,2010,0.032144769,0.045513974,0.020760757
Czechia,Male,35-39 years,2010,0.0349908671760174,0.0470697468880421,0.025419588587994
Czechia,Female,35-39 years,2010,0.0297647740376084,0.0402228710309336,0.019902900222139
Czechia,Both Sexes,35-39 years,2010,0.032439898,0.04317532,0.023624483
Czechia,Male,40-44 years,2010,0.0348291875767369,0.0468335279952054,0.0260432988475432
Czechia,Female,40-44 years,2010,0.029849377673407,0.0413670975733184,0.0202203880335639
Czechia,Both Sexes,40-44 years,2010,0.032398134,0.041408171,0.024828827
Czechia,Male,15-19 years,2011,0.0097240611819472,0.0153499827975154,0.0056488932885601
Czechia,Female,15-19 years,2011,0.0066251496854344,0.010633277176872,0.0035206928689246
Czechia,Both Sexes,15-19 years,2011,0.008187829,0.013070597,0.00464629
Czechia,Male,20-24 years,2011,0.0269368403616113,0.0408009880989444,0.0169847124431869
Czechia,Female,20-24 years,2011,0.0191249662825985,0.0296363225422327,0.0109895892949448
Czechia,Both Sexes,20-24 years,2011,0.023073884,0.035309188,0.014195823
Czechia,Male,25-29 years,2011,0.034037162501898,0.0462979249203619,0.0241099875874228
Czechia,Female,25-29 years,2011,0.0258740801293066,0.0369755024291217,0.0166527824694695
Czechia,Both Sexes,25-29 years,2011,0.030051023,0.041233658,0.021550642
Czechia,Male,30-34 years,2011,0.0361572289418251,0.0508713613667488,0.0246161510638659
Czechia,Female,30-34 years,2011,0.0287973509087078,0.0423868885657979,0.0173236956793015
Czechia,Both Sexes,30-34 years,2011,0.032565546,0.045841284,0.021105092
Czechia,Male,35-39 years,2011,0.0355132721967023,0.0466498647154178,0.0261700938125324
Czechia,Female,35-39 years,2011,0.0298791796758114,0.0406388594682267,0.0202366615730276
Czechia,Both Sexes,35-39 years,2011,0.032763972,0.043248173,0.024015157
Czechia,Male,40-44 years,2011,0.0352645044069641,0.0466505988857896,0.0268208901994325
Czechia,Female,40-44 years,2011,0.0298674449877121,0.0408248996314278,0.020653745615218
Czechia,Both Sexes,40-44 years,2011,0.032631958,0.04116169,0.025094007
Czechia,Male,15-19 years,2012,0.0097599083916754,0.0155393978291903,0.0056439824607368
Czechia,Female,15-19 years,2012,0.0065834473668105,0.0106015266982734,0.0036098887218569
Czechia,Both Sexes,15-19 years,2012,0.008183607,0.013046398,0.004652816
Czechia,Male,20-24 years,2012,0.0272416746982212,0.0410002479242278,0.0167446275744896
Czechia,Female,20-24 years,2012,0.0190989119074268,0.0295995804296724,0.0110439308090327
Czechia,Both Sexes,20-24 years,2012,0.023212165,0.035287081,0.014283444
Czechia,Male,25-29 years,2012,0.0350206621403726,0.0474676557627108,0.024971193811124
Czechia,Female,25-29 years,2012,0.0262241896026395,0.0367930584996964,0.0170362902729444
Czechia,Both Sexes,25-29 years,2012,0.030725771,0.041517264,0.021873313
Czechia,Male,30-34 years,2012,0.0375313702722764,0.0521975512033001,0.026317171257739
Czechia,Female,30-34 years,2012,0.0293392707564544,0.0433078474703608,0.0176910088961593
Czechia,Both Sexes,30-34 years,2012,0.033538172,0.047016272,0.021915482
Czechia,Male,35-39 years,2012,0.0367567359643071,0.0477908582299535,0.0278101790484473
Czechia,Female,35-39 years,2012,0.0301548117062697,0.0404428222237917,0.0206293588980126
Czechia,Both Sexes,35-39 years,2012,0.033534745,0.043454898,0.024990171
Czechia,Male,40-44 years,2012,0.0362998935678764,0.0469881624808115,0.0281355086712869
Czechia,Female,40-44 years,2012,0.0299319491412075,0.0408905896462631,0.0207001120906279
Czechia,Both Sexes,40-44 years,2012,0.033195744,0.04178672,0.025493207
Czechia,Male,15-19 years,2013,0.0097998264762926,0.0154738314202613,0.0055989273771347
Czechia,Female,15-19 years,2013,0.0065330374796604,0.0106821923760878,0.0035352515035574
Czechia,Both Sexes,15-19 years,2013,0.008178125,0.01304554,0.004624292
Czechia,Male,20-24 years,2013,0.0275997444661329,0.0420041777961991,0.0173281342692065
Czechia,Female,20-24 years,2013,0.0190654245387461,0.0295858659153735,0.0111149790410474
Czechia,Both Sexes,20-24 years,2013,0.023377249,0.035611305,0.014336231
Czechia,Male,25-29 years,2013,0.0361950142911788,0.048733603442185,0.0258324239721009
Czechia,Female,25-29 years,2013,0.0266126007897873,0.0365999288022928,0.0174001079962005
Czechia,Both Sexes,25-29 years,2013,0.031506846,0.042246725,0.022087821
Czechia,Male,30-34 years,2013,0.039176102859885,0.0532836802251154,0.0276547240502174
Czechia,Female,30-34 years,2013,0.029978295964767,0.0435474039113434,0.0182096219549794
Czechia,Both Sexes,30-34 years,2013,0.034698082,0.048122173,0.023487794
Czechia,Male,35-39 years,2013,0.0382427166513388,0.0495460301596859,0.029268201096698
Czechia,Female,35-39 years,2013,0.0304917868580988,0.040803101134323,0.0208294108210147
Czechia,Both Sexes,35-39 years,2013,0.034457909,0.044080149,0.025560911
Czechia,Male,40-44 years,2013,0.0375366770842479,0.0482489604218357,0.0288212151707073
Czechia,Female,40-44 years,2013,0.0300230135091532,0.0413012199661686,0.0205102689701946
Czechia,Both Sexes,40-44 years,2013,0.033878428,0.04230047,0.025773559
Czechia,Male,15-19 years,2014,0.0098340300789292,0.0155061606461677,0.0055321553318508
Czechia,Female,15-19 years,2014,0.0064901772349925,0.0106617139205638,0.0034629637571098
Czechia,Both Sexes,15-19 years,2014,0.008173621,0.013101504,0.004623587
Czechia,Male,20-24 years,2014,0.027902943517485,0.0429192629793213,0.0177452744997198
Czechia,Female,20-24 years,2014,0.0190364711199675,0.0296971637778991,0.0111652029002506
Czechia,Both Sexes,20-24 years,2014,0.023517937,0.035597584,0.014373784
Czechia,Male,25-29 years,2014,0.0371863674388386,0.0499476426154547,0.0260479978047263
Czechia,Female,25-29 years,2014,0.0269301000741133,0.0375111125226307,0.0176025527541121
Czechia,Both Sexes,25-29 years,2014,0.032156861,0.043150494,0.022329992
Czechia,Male,30-34 years,2014,0.0405672019488702,0.0557148455006552,0.0285410650381582
Czechia,Female,30-34 years,2014,0.0305148653526942,0.0436858975518888,0.0186323648046572
Czechia,Both Sexes,30-34 years,2014,0.035675833,0.049308541,0.024556627
Czechia,Male,35-39 years,2014,0.0394929104623815,0.051362875971481,0.0297262274762624
Czechia,Female,35-39 years,2014,0.0307905588576903,0.0414827994421155,0.0206720461860583
Czechia,Both Sexes,35-39 years,2014,0.03524659,0.044464398,0.026319164
Czechia,Male,40-44 years,2014,0.0385763162888658,0.0503166742348055,0.0296059555984342
Czechia,Female,40-44 years,2014,0.0301210368139167,0.0417118528068925,0.0203373701872378
Czechia,Both Sexes,40-44 years,2014,0.03445794,0.043077292,0.025922051
Czechia,Male,15-19 years,2015,0.0098513412110822,0.0156443038681386,0.0054542649814192
Czechia,Female,15-19 years,2015,0.0064704051666899,0.010556899960461,0.0035475269549244
Czechia,Both Sexes,15-19 years,2015,0.00817335,0.013134243,0.004600016
Czechia,Male,20-24 years,2015,0.0280425470792689,0.0427817480978002,0.0170142521531821
Czechia,Female,20-24 years,2015,0.0190232557475716,0.0297805181149149,0.0112009065651562
Czechia,Both Sexes,20-24 years,2015,0.023583863,0.035880543,0.014268106
Czechia,Male,25-29 years,2015,0.0376192547315324,0.0509757275555099,0.0260921165037333
Czechia,Female,25-29 years,2015,0.0270667137704433,0.0383872734606851,0.0175559725719306
Czechia,Both Sexes,25-29 years,2015,0.032435929,0.043543434,0.022301491
Czechia,Male,30-34 years,2015,0.0411792167299761,0.0570582806863603,0.0279402555816095
Czechia,Female,30-34 years,2015,0.0307487450253164,0.0447609087962225,0.0185996780297544
Czechia,Both Sexes,30-34 years,2015,0.03610106,0.049625047,0.024490671
Czechia,Male,35-39 years,2015,0.0400282827231439,0.0526993981884997,0.0293648927721921
Czechia,Female,35-39 years,2015,0.030951388146417,0.0426033364132259,0.0206667210843094
Czechia,Both Sexes,35-39 years,2015,0.035607684,0.045176564,0.026798996
Czechia,Male,40-44 years,2015,0.0390195003079459,0.0522996304447701,0.0295924332607741
Czechia,Female,40-44 years,2015,0.0302061034814488,0.0422646836169609,0.0205050447677825
Czechia,Both Sexes,40-44 years,2015,0.034724327,0.044104318,0.026030209
Czechia,Male,15-19 years,2016,0.0097800877972508,0.0154698178693614,0.0053817624511215
Czechia,Female,15-19 years,2016,0.00647225211172,0.0105216162357865,0.0035173496886685
Czechia,Both Sexes,15-19 years,2016,0.008138123,0.012998342,0.004565065
Czechia,Male,20-24 years,2016,0.027809562116593,0.0426908311952259,0.0174838913397911
Czechia,Female,20-24 years,2016,0.0190232940694198,0.0297012957959759,0.01108656463519
Czechia,Both Sexes,20-24 years,2016,0.02346239,0.035615976,0.014552108
Czechia,Male,25-29 years,2016,0.03746787017713,0.0496079176538545,0.0264400330522081
Czechia,Female,25-29 years,2016,0.0270351346147989,0.0381900203663068,0.017601673003988
Czechia,Both Sexes,25-29 years,2016,0.032338939,0.042551208,0.022502313
Czechia,Male,30-34 years,2016,0.0410734357326413,0.0566180799034267,0.0288182452101814
Czechia,Female,30-34 years,2016,0.0307053731502231,0.0442522286954972,0.0186525528432104
Czechia,Both Sexes,30-34 years,2016,0.036026536,0.049329356,0.024720503
Czechia,Male,35-39 years,2016,0.0397198530493293,0.0503549706515978,0.0305400119797646
Czechia,Female,35-39 years,2016,0.031006766299998,0.0417325068432048,0.0212723584065165
Czechia,Both Sexes,35-39 years,2016,0.035479373,0.044516969,0.027051688
Czechia,Male,40-44 years,2016,0.0384581874452062,0.0504500349033302,0.0298308408196716
Czechia,Female,40-44 years,2016,0.0303391679170443,0.0413845875966106,0.0203605878311186
Czechia,Both Sexes,40-44 years,2016,0.034500486,0.043337361,0.025953315
Czechia,Male,15-19 years,2017,0.0096040329409378,0.0151600153507355,0.0053510484180355
Czechia,Female,15-19 years,2017,0.0064827017744018,0.0105369281262582,0.0035584177964655
Czechia,Both Sexes,15-19 years,2017,0.008053545,0.012914109,0.00450786
Czechia,Male,20-24 years,2017,0.0272266874407012,0.041983587024297,0.0173688205911617
Czechia,Female,20-24 years,2017,0.0190271410074774,0.0297414611679634,0.0112963664672344
Czechia,Both Sexes,20-24 years,2017,0.023164629,0.03509188,0.014720886
Czechia,Male,25-29 years,2017,0.0370695454507238,0.0502615888778233,0.026782152064627
Czechia,Female,25-29 years,2017,0.0269450710891083,0.0378091360867788,0.0176577930367132
Czechia,Both Sexes,25-29 years,2017,0.032090483,0.042359127,0.022485261
Czechia,Male,30-34 years,2017,0.0407561821497201,0.0546959630061097,0.0293226471804976
Czechia,Female,30-34 years,2017,0.0305775875623568,0.0433843938330132,0.018787826497874
Czechia,Both Sexes,30-34 years,2017,0.035801249,0.047911355,0.024927818
Czechia,Male,35-39 years,2017,0.0389575390366254,0.0487250439717806,0.0314939323282242
Czechia,Female,35-39 years,2017,0.0310523372225259,0.041299655532347,0.0222873461023246
Czechia,Both Sexes,35-39 years,2017,0.035111171,0.044254285,0.027005577
Czechia,Male,40-44 years,2017,0.0370992183080098,0.0481565670781363,0.0287933547101281
Czechia,Female,40-44 years,2017,0.0305522473054727,0.0418443007891869,0.0205931953488582
Czechia,Both Sexes,40-44 years,2017,0.033905566,0.042902491,0.025744267
Czechia,Male,15-19 years,2018,0.0093862083066618,0.0147294091506754,0.0053409361473364
Czechia,Female,15-19 years,2018,0.0064957848897792,0.0105444274472654,0.0035941758883005
Czechia,Both Sexes,15-19 years,2018,0.007948985,0.012642525,0.004444311
Czechia,Male,20-24 years,2018,0.0265139894764632,0.0408784518752113,0.017101362419119
Czechia,Female,20-24 years,2018,0.0190307523838858,0.029750611305741,0.0112841486453804
Czechia,Both Sexes,20-24 years,2018,0.022804643,0.034818121,0.014460944
Czechia,Male,25-29 years,2018,0.0365790542915154,0.0492107076679603,0.0268781560289414
Czechia,Female,25-29 years,2018,0.0268282837043542,0.0376384232696881,0.0177534146120418
Czechia,Both Sexes,25-29 years,2018,0.031787421,0.042204561,0.022504711
Czechia,Male,30-34 years,2018,0.0403594790931529,0.0537428154692864,0.0303984509913224
Czechia,Female,30-34 years,2018,0.0304133192937933,0.0430211778577992,0.0189712305616457
Czechia,Both Sexes,30-34 years,2018,0.035508213,0.046470502,0.024829935
Czechia,Male,35-39 years,2018,0.0380365599103744,0.0478362660641638,0.0309651106519664
Czechia,Female,35-39 years,2018,0.0310815252333148,0.0413718416527435,0.0223857642248938
Czechia,Both Sexes,35-39 years,2018,0.034653901,0.043935106,0.027040994
Czechia,Male,40-44 years,2018,0.0354630731179194,0.0478982851200894,0.0276730095380512
Czechia,Female,40-44 years,2018,0.0307810849842386,0.0430005480943864,0.0210522262044594
Czechia,Both Sexes,40-44 years,2018,0.033176657,0.042397901,0.025566625
Czechia,Male,15-19 years,2019,0.0091942993879884,0.0143595525876206,0.0051127537968227
Czechia,Female,15-19 years,2019,0.00650719736135,0.0106292273902599,0.0035792517870077
Czechia,Both Sexes,15-19 years,2019,0.007857783,0.012343771,0.004390275
Czechia,Male,20-24 years,2019,0.0259005911245263,0.0396123422400777,0.0167138477173616
Czechia,Female,20-24 years,2019,0.0190319764216217,0.0298090433946274,0.0111935302644099
Czechia,Both Sexes,20-24 years,2019,0.022494606,0.034613648,0.014281657
Czechia,Male,25-29 years,2019,0.036157509852718,0.0477034247537294,0.0266204383888709
Czechia,Female,25-29 years,2019,0.0267184211579559,0.0373398572869825,0.0177926729331651
Czechia,Both Sexes,25-29 years,2019,0.031523631,0.042146319,0.02289737
Czechia,Male,30-34 years,2019,0.0400191589462694,0.0527344535788898,0.0304636662209532
Czechia,Female,30-34 years,2019,0.0302617809347961,0.0424483300124142,0.0190421160011901
Czechia,Both Sexes,30-34 years,2019,0.035250986,0.045288479,0.024988884
Czechia,Male,35-39 years,2019,0.0372558864233633,0.0477415342837906,0.0298551856918111
Czechia,Female,35-39 years,2019,0.0310882362757895,0.0419808597061243,0.0223301859872521
Czechia,Both Sexes,35-39 years,2019,0.034256087,0.04298992,0.026997467
Czechia,Male,40-44 years,2019,0.0340735707555225,0.0460238571026622,0.0262418968489106
Czechia,Female,40-44 years,2019,0.0309618334399071,0.0426485392677454,0.0213474221477141
Czechia,Both Sexes,40-44 years,2019,0.032554431,0.042108747,0.025161069
Germany,Male,15-19 years,2010,0.0262905658583435,0.0355758198524138,0.0182008033397378
Germany,Female,15-19 years,2010,0.0124369081995369,0.0175055757460392,0.0084490004096791
Germany,Both Sexes,15-19 years,2010,0.01926861,0.02611463,0.01353006
Germany,Male,20-24 years,2010,0.0681970162100063,0.0885612113617267,0.0503053614193303
Germany,Female,20-24 years,2010,0.0281740257883215,0.037289359863975,0.0204666690182294
Germany,Both Sexes,20-24 years,2010,0.048072695,0.061984733,0.035630842
Germany,Male,25-29 years,2010,0.0610275907295681,0.075644310609276,0.0492936010285034
Germany,Female,25-29 years,2010,0.0234004289061525,0.0289968054176996,0.0187508910479927
Germany,Both Sexes,25-29 years,2010,0.042152867,0.051756432,0.03468901
Germany,Male,30-34 years,2010,0.0484124254864965,0.0629974614490352,0.0362276514133891
Germany,Female,30-34 years,2010,0.0170904968823728,0.0232873353486945,0.0121526941678412
Germany,Both Sexes,30-34 years,2010,0.032712833,0.042044105,0.02478088
Germany,Male,35-39 years,2010,0.0447126676216775,0.0539664381995255,0.0363750574894523
Germany,Female,35-39 years,2010,0.0166617048378098,0.0204586710537949,0.0128627053472969
Germany,Both Sexes,35-39 years,2010,0.03072982,0.036344634,0.025185368
Germany,Male,40-44 years,2010,0.0429911046941293,0.0516829416987678,0.0359338554482489
Germany,Female,40-44 years,2010,0.0166333806232531,0.0214269223755153,0.012595099432481
Germany,Both Sexes,40-44 years,2010,0.029973894,0.035438688,0.024947311
Germany,Male,15-19 years,2011,0.0254727771275862,0.0350413841571037,0.0172641855545693
Germany,Female,15-19 years,2011,0.0121812174420283,0.0172910050301816,0.0080794584395402
Germany,Both Sexes,15-19 years,2011,0.018741167,0.025550716,0.012841652
Germany,Male,20-24 years,2011,0.0660632538890784,0.086375559168479,0.0480673199028112
Germany,Female,20-24 years,2011,0.027602476454754,0.0373353456164832,0.0199650018734755
Germany,Both Sexes,20-24 years,2011,0.046746266,0.06245915,0.03417987
Germany,Male,25-29 years,2011,0.0601364392163625,0.074621411543904,0.0481715074138438
Germany,Female,25-29 years,2011,0.0232144197912322,0.0291156046249089,0.018256048657656
Germany,Both Sexes,25-29 years,2011,0.041655875,0.051060788,0.033604963
Germany,Male,30-34 years,2011,0.0487320887079831,0.0631879650358391,0.0369213575877719
Germany,Female,30-34 years,2011,0.0172248511448603,0.0232000555872567,0.0120882529902987
Germany,Both Sexes,30-34 years,2011,0.03292301,0.041703963,0.025171009
Germany,Male,35-39 years,2011,0.045096853285951,0.0539005934647665,0.0372981340097366
Germany,Female,35-39 years,2011,0.0165961167581846,0.0204275555660936,0.0128133538690356
Germany,Both Sexes,35-39 years,2011,0.030848078,0.036714153,0.025548462
Germany,Male,40-44 years,2011,0.0433497013575876,0.0514661823903965,0.0366433483893319
Germany,Female,40-44 years,2011,0.0163549079011325,0.0209567274942915,0.0122384230163793
Germany,Both Sexes,40-44 years,2011,0.029970292,0.035491486,0.024851842
Germany,Male,15-19 years,2012,0.0239174560900069,0.032754504267459,0.0160151890873383
Germany,Female,15-19 years,2012,0.0115962655785811,0.0166318724687992,0.0075807180700341
Germany,Both Sexes,15-19 years,2012,0.017687797,0.024723318,0.011705111
Germany,Male,20-24 years,2012,0.0618115631360936,0.0839960998324019,0.0433745439720321
Germany,Female,20-24 years,2012,0.0262413722384138,0.0370491310155626,0.0187141724850694
Germany,Both Sexes,20-24 years,2012,0.043963785,0.060697032,0.030687083
Germany,Male,25-29 years,2012,0.0585460933501372,0.0724227461038914,0.0456081393841104
Germany,Female,25-29 years,2012,0.0227511514554031,0.0288229596363989,0.0173992825334572
Germany,Both Sexes,25-29 years,2012,0.040686083,0.04967299,0.032000727
Germany,Male,30-34 years,2012,0.049500149867058,0.0629633403668855,0.0372319611932968
Germany,Female,30-34 years,2012,0.017419494388902,0.0238205170732688,0.0118523869045267
Germany,Both Sexes,30-34 years,2012,0.033420027,0.041641571,0.025443107
Germany,Male,35-39 years,2012,0.0460358656195032,0.0552632752553721,0.0384916394689773
Germany,Female,35-39 years,2012,0.0164910772404364,0.0205532198538538,0.0123417008243918
Germany,Both Sexes,35-39 years,2012,0.031252709,0.037544546,0.025966474
Germany,Male,40-44 years,2012,0.0442417652455676,0.0529368624425393,0.0373855757194751
Germany,Female,40-44 years,2012,0.0159371598151304,0.0205212166914037,0.011809906335484
Germany,Both Sexes,40-44 years,2012,0.030174203,0.036297537,0.024942757
Germany,Male,15-19 years,2013,0.0220961084693439,0.0316720126717662,0.0139294554973297
Germany,Female,15-19 years,2013,0.0108955284453924,0.0159790223130945,0.0069526797631898
Germany,Both Sexes,15-19 years,2013,0.016448182,0.023871227,0.010299067
Germany,Male,20-24 years,2013,0.0567808672623309,0.0805439520815157,0.0374683856909824
Germany,Female,20-24 years,2013,0.0245869331215249,0.0362833010556347,0.0169493572908835
Germany,Both Sexes,20-24 years,2013,0.040672998,0.058300114,0.02708012
Germany,Male,25-29 years,2013,0.0566766280285093,0.0709288300130805,0.0434848479853941
Germany,Female,25-29 years,2013,0.0221663864882645,0.0287381075247208,0.0163295134492115
Germany,Both Sexes,25-29 years,2013,0.039530756,0.049165659,0.030314522
Germany,Male,30-34 years,2013,0.0504181257024676,0.0652161254701961,0.0364092847346961
Germany,Female,30-34 years,2013,0.0176203194758302,0.0242290486696348,0.0116044193481748
Germany,Both Sexes,30-34 years,2013,0.034020402,0.043107389,0.025002638
Germany,Male,35-39 years,2013,0.04721137493764,0.0570740065798913,0.0389569096996322
Germany,Female,35-39 years,2013,0.0163644374590683,0.020671012706908,0.0117229045979882
Germany,Both Sexes,35-39 years,2013,0.03178962,0.038648579,0.02595296
Germany,Male,40-44 years,2013,0.0453919647144259,0.0553811036265404,0.0371780727174488
Germany,Female,40-44 years,2013,0.015471250052261,0.0202153106599257,0.0110292497092196
Germany,Both Sexes,40-44 years,2013,0.030485387,0.036979047,0.024549504
Germany,Male,15-19 years,2014,0.0204897535602535,0.0304431943814211,0.0123378290779424
Germany,Female,15-19 years,2014,0.010294326894098,0.0154933119728787,0.0062337107558535
Germany,Both Sexes,15-19 years,2014,0.015373064,0.022984995,0.009238746
Germany,Male,20-24 years,2014,0.0523349605322711,0.0763883481812705,0.0333637194504233
Germany,Female,20-24 years,2014,0.0231371318172606,0.0359439101086477,0.0144648469551303
Germany,Both Sexes,20-24 years,2014,0.037805354,0.05558989,0.024034228
Germany,Male,25-29 years,2014,0.0549557500024673,0.0697128845128659,0.040825739976371
Germany,Female,25-29 years,2014,0.0216163292755943,0.0291550926789482,0.0154224054926106
Germany,Both Sexes,25-29 years,2014,0.038462392,0.048681618,0.028637581
Germany,Male,30-34 years,2014,0.0511884919724175,0.0674497537952346,0.0357037686720326
Germany,Female,30-34 years,2014,0.0177732987097058,0.0255062016322485,0.0114276908641508
Germany,Both Sexes,30-34 years,2014,0.034550104,0.044878031,0.024543259
Germany,Male,35-39 years,2014,0.048303834394272,0.0594682048614093,0.0388549467584798
Germany,Female,35-39 years,2014,0.0162340912164079,0.0212225757157789,0.0114914567302058
Germany,Both Sexes,35-39 years,2014,0.03229153,0.039509323,0.026143747
Germany,Male,40-44 years,2014,0.0465240267227755,0.0591773881751296,0.0371554375449773
Germany,Female,40-44 years,2014,0.0150483755199627,0.0202950183722402,0.0104165593336458
Germany,Both Sexes,40-44 years,2014,0.030816562,0.039474045,0.024088595
Germany,Male,15-19 years,2015,0.0195850437079814,0.0299834497402818,0.0116934368923387
Germany,Female,15-19 years,2015,0.0100085991740151,0.0155267876704304,0.0056918161634237
Germany,Both Sexes,15-19 years,2015,0.014800547,0.022340147,0.008878529
Germany,Male,20-24 years,2015,0.0498486928704324,0.0745213371541541,0.031544305785355
Germany,Female,20-24 years,2015,0.0223908950883072,0.0357256157617694,0.0129614662348294
Germany,Both Sexes,20-24 years,2015,0.036269137,0.054834359,0.022445342
Germany,Male,25-29 years,2015,0.0538114008837841,0.0701861343108519,0.0392053067692521
Germany,Female,25-29 years,2015,0.0212575360332001,0.0298304296370155,0.0145489152380733
Germany,Both Sexes,25-29 years,2015,0.037784821,0.049012537,0.027343603
Germany,Male,30-34 years,2015,0.0515130957009472,0.0690754026380726,0.0357053978365573
Germany,Female,30-34 years,2015,0.0178243444247183,0.0262009536672846,0.0113323164957647
Germany,Both Sexes,30-34 years,2015,0.034813194,0.046234038,0.024303099
Germany,Male,35-39 years,2015,0.0489953525488244,0.0619022404974463,0.0376122265639414
Germany,Female,35-39 years,2015,0.0161179275606122,0.0217166814883256,0.0111599471965339
Germany,Both Sexes,35-39 years,2015,0.032593222,0.040203852,0.025621186
Germany,Male,40-44 years,2015,0.0473622795696194,0.0633134176144544,0.0365118969399065
Germany,Female,40-44 years,2015,0.0147597342398008,0.0205714959062119,0.0100126776934156
Germany,Both Sexes,40-44 years,2015,0.031091175,0.040967251,0.023946524
Germany,Male,15-19 years,2016,0.0192305112902202,0.0296560796900817,0.0116460439244474
Germany,Female,15-19 years,2016,0.0099600618016537,0.0153714924958317,0.0056496696467649
Germany,Both Sexes,15-19 years,2016,0.014611166,0.022382035,0.008654925
Germany,Male,20-24 years,2016,0.0489106893182835,0.0723567365121365,0.0312005887650087
Germany,Female,20-24 years,2016,0.0221808073138129,0.0353248601081954,0.0127951586253346
Germany,Both Sexes,20-24 years,2016,0.035760603,0.053939908,0.022585755
Germany,Male,25-29 years,2016,0.0531344611343256,0.0694583781286217,0.0387475050648016
Germany,Female,25-29 years,2016,0.0210426276267546,0.0298395015769705,0.0145911342005361
Germany,Both Sexes,25-29 years,2016,0.037380131,0.049075034,0.026600554
Germany,Male,30-34 years,2016,0.0514067612389416,0.0679420042794296,0.035411359234772
Germany,Female,30-34 years,2016,0.0177376651401443,0.0262037581776251,0.0110489795769177
Germany,Both Sexes,30-34 years,2016,0.034774876,0.045388706,0.0244981
Germany,Male,35-39 years,2016,0.0493233239671992,0.0603857039272903,0.0390316232148522
Germany,Female,35-39 years,2016,0.0159807089243957,0.0216688063993323,0.011257085887449
Germany,Both Sexes,35-39 years,2016,0.03270438,0.039349354,0.025893317
Germany,Male,40-44 years,2016,0.0479305823675307,0.0611141403349182,0.0383479312415288
Germany,Female,40-44 years,2016,0.0145659998436346,0.0201452552414871,0.0098215348547528
Germany,Both Sexes,40-44 years,2016,0.031268314,0.039621743,0.024768489
Germany,Male,15-19 years,2017,0.0189499205579825,0.0290729398851379,0.0117330279194642
Germany,Female,15-19 years,2017,0.0099260025211886,0.0153601046105839,0.0055011914789186
Germany,Both Sexes,15-19 years,2017,0.01445154,0.022271007,0.008461337
Germany,Male,20-24 years,2017,0.0481738414087626,0.0709003674384661,0.0308216909474558
Germany,Female,20-24 years,2017,0.022009065666299,0.0352565360677737,0.0125800375095625
Germany,Both Sexes,20-24 years,2017,0.035344675,0.05315145,0.022510498
Germany,Male,25-29 years,2017,0.052541857294186,0.0688706792890867,0.03855955782716
Germany,Female,25-29 years,2017,0.0208347681517196,0.0295767078766709,0.0143728084119658
Germany,Both Sexes,25-29 years,2017,0.036994867,0.049034393,0.026882254
Germany,Male,30-34 years,2017,0.0511464887489437,0.0671712111849558,0.0360958028563373
Germany,Female,30-34 years,2017,0.0175557034617011,0.0260481841015629,0.0110303329410305
Germany,Both Sexes,30-34 years,2017,0.034597677,0.04483026,0.024401163
Germany,Male,35-39 years,2017,0.0495725382067413,0.0592675051847455,0.039329811458576
Germany,Female,35-39 years,2017,0.0158021846655262,0.0214571982017034,0.0110695081134167
Germany,Both Sexes,35-39 years,2017,0.03275462,0.039572404,0.025407267
Germany,Male,40-44 years,2017,0.048460746022718,0.058855224294659,0.0400943743249311
Germany,Female,40-44 years,2017,0.0143799402990338,0.0197031352493632,0.0098149477517362
Germany,Both Sexes,40-44 years,2017,0.031434232,0.037767078,0.025218128
Germany,Male,15-19 years,2018,0.0187338684886855,0.0286863552867319,0.0112759383957639
Germany,Female,15-19 years,2018,0.0099027062559122,0.0154538090431684,0.0056375760820649
Germany,Both Sexes,15-19 years,2018,0.014322,0.021962283,0.008293272
Germany,Male,20-24 years,2018,0.0476110819426755,0.0707271291575396,0.0303418875716104
Germany,Female,20-24 years,2018,0.0218773080198112,0.0353259882747946,0.0126791040854535
Germany,Both Sexes,20-24 years,2018,0.035004071,0.052964466,0.022052787
Germany,Male,25-29 years,2018,0.0520609059176744,0.0691865248589175,0.0379272547689717
Germany,Female,25-29 years,2018,0.0206553817570433,0.0292534422133233,0.0140213022532943
Germany,Both Sexes,25-29 years,2018,0.036675804,0.048998138,0.027053127
Germany,Male,30-34 years,2018,0.0508326706154449,0.0673270595228624,0.0367569932349081
Germany,Female,30-34 years,2018,0.0173412442704333,0.025626654298668,0.0107855815367509
Germany,Both Sexes,30-34 years,2018,0.034368661,0.04482767,0.024350912
Germany,Male,35-39 years,2018,0.0497934935479321,0.0596595431643753,0.0403095735435991
Germany,Female,35-39 years,2018,0.0156225424897302,0.0213901225611388,0.0107863906315556
Germany,Both Sexes,35-39 years,2018,0.032786848,0.039797355,0.025587995
Germany,Male,40-44 years,2018,0.0489907134839179,0.0586805702581552,0.0405799906892938
Germany,Female,40-44 years,2018,0.0142207561347912,0.0194435269964814,0.0097627544886492
Germany,Both Sexes,40-44 years,2018,0.031611992,0.03771958,0.02591299
Germany,Male,15-19 years,2019,0.018575142035731,0.0282394953213275,0.0110918001419883
Germany,Female,15-19 years,2019,0.0098876650787204,0.0156909193755135,0.0056913722519014
Germany,Both Sexes,15-19 years,2019,0.014213258,0.021718658,0.00812895
Germany,Male,20-24 years,2019,0.0472007785240868,0.0714927960413991,0.0301066620229868
Germany,Female,20-24 years,2019,0.0217879875932694,0.0353409426724403,0.0126800655585981
Germany,Both Sexes,20-24 years,2019,0.034756059,0.052748658,0.021619036
Germany,Male,25-29 years,2019,0.0517213197991818,0.0690770315922816,0.0365959421634529
Germany,Female,25-29 years,2019,0.0205261907756857,0.0290846200187342,0.0136817997594703
Germany,Both Sexes,25-29 years,2019,0.036441563,0.049079741,0.026234393
Germany,Male,30-34 years,2019,0.0505692306575549,0.0676776737495995,0.0357458307565012
Germany,Female,30-34 years,2019,0.0171572420799658,0.0250877161212492,0.0105692835894237
Germany,Both Sexes,30-34 years,2019,0.034148965,0.044525007,0.024202194
Germany,Male,35-39 years,2019,0.0500381191889521,0.0611320920546228,0.0397201295442053
Germany,Female,35-39 years,2019,0.0154820574005785,0.0210556302086793,0.0104939939238751
Germany,Both Sexes,35-39 years,2019,0.032862449,0.040093197,0.025673359
Germany,Male,40-44 years,2019,0.0495581827878227,0.0600956190027515,0.0394567775020032
Germany,Female,40-44 years,2019,0.014107696369986,0.0192963325303868,0.0096516366519841
Germany,Both Sexes,40-44 years,2019,0.031829225,0.037840869,0.025938859
Ireland,Male,15-19 years,2010,0.029760893034402,0.0454952324311153,0.0177853687886417
Ireland,Female,15-19 years,2010,0.017504544213435,0.026457699240377,0.010316231696174
Ireland,Both Sexes,15-19 years,2010,0.023581228,0.034921355,0.013833814
Ireland,Male,20-24 years,2010,0.0838462385206148,0.1257547874457991,0.0525257882037837
Ireland,Female,20-24 years,2010,0.0427030872259163,0.065917143436233,0.0250920518804198
Ireland,Both Sexes,20-24 years,2010,0.062571584,0.094413108,0.03921945
Ireland,Male,25-29 years,2010,0.09427444802674,0.1245191697259515,0.0703628325979181
Ireland,Female,25-29 years,2010,0.0418536519495982,0.0583895375874527,0.0282591138697179
Ireland,Both Sexes,25-29 years,2010,0.067067276,0.089023815,0.049957907
Ireland,Male,30-34 years,2010,0.091355849336416,0.1206821958813263,0.0632944369027765
Ireland,Female,30-34 years,2010,0.0353222573504932,0.0510058637550695,0.0226037477824648
Ireland,Both Sexes,30-34 years,2010,0.063013718,0.085004295,0.042024637
Ireland,Male,35-39 years,2010,0.0886429558581714,0.1116360827714213,0.0665088860873632
Ireland,Female,35-39 years,2010,0.0332743396954435,0.0458462049833232,0.0226198816703865
Ireland,Both Sexes,35-39 years,2010,0.060930393,0.07594456,0.046374081
Ireland,Male,40-44 years,2010,0.0852367397805799,0.1087446213506689,0.0626169445449161
Ireland,Female,40-44 years,2010,0.0316740691274139,0.0457617129718603,0.0214177720286276
Ireland,Both Sexes,40-44 years,2010,0.058526854,0.076653261,0.043252341
Ireland,Male,15-19 years,2011,0.0297689590786329,0.0450659898241566,0.0179065368602087
Ireland,Female,15-19 years,2011,0.0175157202669282,0.0262262592793557,0.0105284166363725
Ireland,Both Sexes,15-19 years,2011,0.023593269,0.035121564,0.013713125
Ireland,Male,20-24 years,2011,0.0838511801090792,0.124080222671501,0.0534917500646784
Ireland,Female,20-24 years,2011,0.0427325821228133,0.0660722141967918,0.025595915007879
Ireland,Both Sexes,20-24 years,2011,0.062645226,0.094346319,0.039749752
Ireland,Male,25-29 years,2011,0.0942251970348398,0.1227707376190597,0.0703726231166575
Ireland,Female,25-29 years,2011,0.0418927590489934,0.0578866213006045,0.0295736778863855
Ireland,Both Sexes,25-29 years,2011,0.066783064,0.088084271,0.049289544
Ireland,Male,30-34 years,2011,0.0912578013344939,0.119853525510744,0.0622533917334131
Ireland,Female,30-34 years,2011,0.0353709743808753,0.0501573743449095,0.022673193090074
Ireland,Both Sexes,30-34 years,2011,0.062774782,0.08347772,0.042678483
Ireland,Male,35-39 years,2011,0.0884312006036493,0.1105188325213757,0.0679820222454984
Ireland,Female,35-39 years,2011,0.0332436732200334,0.0459335961581241,0.0225126907805616
Ireland,Both Sexes,35-39 years,2011,0.060702175,0.075425698,0.046551754
Ireland,Male,40-44 years,2011,0.0849102598507251,0.1078471725342963,0.0631162628133546
Ireland,Female,40-44 years,2011,0.031598174245914,0.0446882035565148,0.0215277215686258
Ireland,Both Sexes,40-44 years,2011,0.058289805,0.076066883,0.043417162
Ireland,Male,15-19 years,2012,0.0297616013565528,0.044681739880331,0.0179487473413892
Ireland,Female,15-19 years,2012,0.0175207391426361,0.0261704817087145,0.0105894543281267
Ireland,Both Sexes,15-19 years,2012,0.023611924,0.035203829,0.0139418
Ireland,Male,20-24 years,2012,0.0837977218540745,0.1233390178873882,0.0540002113160814
Ireland,Female,20-24 years,2012,0.0427355464439645,0.0659251904923386,0.0258862586945882
Ireland,Both Sexes,20-24 years,2012,0.062646388,0.094220415,0.040168537
Ireland,Male,25-29 years,2012,0.094074155795143,0.1222010813076799,0.0697313040512211
Ireland,Female,25-29 years,2012,0.0419125136421963,0.0580557817173075,0.0293798794863453
Ireland,Both Sexes,25-29 years,2012,0.06661054,0.087791303,0.048593598
Ireland,Male,30-34 years,2012,0.0909980076411505,0.1188206414569476,0.0625484403998709
Ireland,Female,30-34 years,2012,0.0353953657375481,0.0501359812200247,0.0224445408504998
Ireland,Both Sexes,30-34 years,2012,0.062415235,0.082939295,0.042409563
Ireland,Male,35-39 years,2012,0.0878681539892509,0.1091024235856685,0.0689030337041458
Ireland,Female,35-39 years,2012,0.0331521551691318,0.0450745870732444,0.0225743310134183
Ireland,Both Sexes,35-39 years,2012,0.060288936,0.074666316,0.046274134
Ireland,Male,40-44 years,2012,0.0840521897987255,0.1057579381289717,0.0630562944081456
Ireland,Female,40-44 years,2012,0.0313907180088411,0.0439308427668138,0.0214922024183992
Ireland,Both Sexes,40-44 years,2012,0.057689518,0.074703509,0.043353751
Ireland,Male,15-19 years,2013,0.0297399055271951,0.045150275822202,0.0179812159240531
Ireland,Female,15-19 years,2013,0.0175183127053171,0.0260536085410887,0.0104416717454578
Ireland,Both Sexes,15-19 years,2013,0.02360316,0.035362297,0.014087468
Ireland,Male,20-24 years,2013,0.0836923771381924,0.1233029754858199,0.0535233197752774
Ireland,Female,20-24 years,2013,0.04271041855794,0.0656791369973192,0.0260247942666253
Ireland,Both Sexes,20-24 years,2013,0.062704203,0.09425302,0.040033381
Ireland,Male,25-29 years,2013,0.0938415667465153,0.1216399472674239,0.0682285873487351
Ireland,Female,25-29 years,2013,0.0419112961768677,0.0582957202547773,0.0292117042203124
Ireland,Both Sexes,25-29 years,2013,0.066483314,0.087090216,0.04883523
Ireland,Male,30-34 years,2013,0.0906156956073114,0.11924841033971,0.0617903839837519
Ireland,Female,30-34 years,2013,0.0353947953533868,0.0515038685979383,0.0222340590995799
Ireland,Both Sexes,30-34 years,2013,0.062009169,0.082744897,0.041739821
Ireland,Male,35-39 years,2013,0.087051497596794,0.1070406117438463,0.0673379454813345
Ireland,Female,35-39 years,2013,0.0330121172248103,0.0446035097980208,0.0227708676048179
Ireland,Both Sexes,35-39 years,2013,0.059699543,0.074326648,0.045283807
Ireland,Male,40-44 years,2013,0.0828356126308877,0.1043441796122831,0.0615022632126188
Ireland,Female,40-44 years,2013,0.03109002803784,0.0437572374999826,0.0211524953553168
Ireland,Both Sexes,40-44 years,2013,0.056877135,0.073598259,0.042098086
Ireland,Male,15-19 years,2014,0.0297037109493128,0.045167285530806,0.0180013572932733
Ireland,Female,15-19 years,2014,0.0175086867371373,0.0261162600442624,0.0104273821343574
Ireland,Both Sexes,15-19 years,2014,0.023586475,0.035460229,0.014198393
Ireland,Male,20-24 years,2014,0.083549556588395,0.1233568354726155,0.0533157575386711
Ireland,Female,20-24 years,2014,0.0426596074685116,0.0656384011665657,0.0256326865068279
Ireland,Both Sexes,20-24 years,2014,0.062694686,0.094309904,0.039592837
Ireland,Male,25-29 years,2014,0.0935529083511475,0.1221684713622046,0.0682637623260636
Ireland,Female,25-29 years,2014,0.0418894061535545,0.0583202678287078,0.0286602920418901
Ireland,Both Sexes,25-29 years,2014,0.06642252,0.086840491,0.048489992
Ireland,Male,30-34 years,2014,0.0901531509780682,0.1188213738363398,0.0608421939712761
Ireland,Female,30-34 years,2014,0.0353695137099205,0.0511585896163312,0.0221970155796649
Ireland,Both Sexes,30-34 years,2014,0.061621026,0.082122873,0.040804852
Ireland,Male,35-39 years,2014,0.0860811136147155,0.1070540986852727,0.0652844698417891
Ireland,Female,35-39 years,2014,0.0328364181789802,0.0443093141020254,0.0228671201602877
Ireland,Both Sexes,35-39 years,2014,0.058992963,0.073535975,0.044254284
Ireland,Male,40-44 years,2014,0.0814371340476812,0.1042865913108484,0.06044802161462
Ireland,Female,40-44 years,2014,0.0307346951177564,0.0435032013748962,0.0207181379608007
Ireland,Both Sexes,40-44 years,2014,0.055897416,0.07280135,0.041239448
Ireland,Male,15-19 years,2015,0.0296603395568224,0.0447933488746345,0.0179799096246735
Ireland,Female,15-19 years,2015,0.0174910754703128,0.0260208622681342,0.0105173951994997
Ireland,Both Sexes,15-19 years,2015,0.023556074,0.035481333,0.01407315
Ireland,Male,20-24 years,2015,0.0833942866668158,0.1236513371114805,0.0531423169242622
Ireland,Female,20-24 years,2015,0.042586566668921,0.0658260910181994,0.0255120789514708
Ireland,Both Sexes,20-24 years,2015,0.062645963,0.094374801,0.039402837
Ireland,Male,25-29 years,2015,0.0932381955660838,0.1233010898264361,0.0674923552756859
Ireland,Female,25-29 years,2015,0.0418474891230936,0.0593262145518227,0.0284697696019495
Ireland,Both Sexes,25-29 years,2015,0.066370123,0.087359487,0.048446937
Ireland,Male,30-34 years,2015,0.0896569138705944,0.1191515874784916,0.0591141998744215
Ireland,Female,30-34 years,2015,0.0353200118819108,0.051523489831396,0.0221096314636855
Ireland,Both Sexes,30-34 years,2015,0.061192679,0.082193265,0.039345403
Ireland,Male,35-39 years,2015,0.0850596610003079,0.1069222119291289,0.0633375226877624
Ireland,Female,35-39 years,2015,0.0326380778342714,0.0450496556527498,0.0221659499494691
Ireland,Both Sexes,35-39 years,2015,0.058302308,0.073510827,0.043760922
Ireland,Male,40-44 years,2015,0.0800341918115268,0.1040228313345913,0.0582770857992893
Ireland,Female,40-44 years,2015,0.0303633567853749,0.043861906592104,0.0203597855641688
Ireland,Both Sexes,40-44 years,2015,0.054957905,0.071796411,0.04075907
Ireland,Male,15-19 years,2016,0.0294891153393049,0.0450632911087377,0.0179531446745978
Ireland,Female,15-19 years,2016,0.0174093350811807,0.0260296732850635,0.0103515396021168
Ireland,Both Sexes,15-19 years,2016,0.023422525,0.035292279,0.01387136
Ireland,Male,20-24 years,2016,0.0828726196163627,0.122597051294363,0.0526380830072881
Ireland,Female,20-24 years,2016,0.042303322154973,0.065500022601295,0.0252372625045385
Ireland,Both Sexes,20-24 years,2016,0.062296443,0.093567256,0.039028775
Ireland,Male,25-29 years,2016,0.0925201799680059,0.1211998357612768,0.0670820872904436
Ireland,Female,25-29 years,2016,0.0415991501187381,0.058657584307216,0.0285912812141144
Ireland,Both Sexes,25-29 years,2016,0.066097938,0.087887347,0.04766615
Ireland,Male,30-34 years,2016,0.0886990995276851,0.1182649445023481,0.0585792587125558
Ireland,Female,30-34 years,2016,0.035105870696948,0.0507594435187115,0.0213743303040175
Ireland,Both Sexes,30-34 years,2016,0.060485681,0.081166251,0.038874682
Ireland,Male,35-39 years,2016,0.0835982228495043,0.1056517296225947,0.0624783070049725
Ireland,Female,35-39 years,2016,0.0322966588474117,0.0438265119694595,0.0221876538622856
Ireland,Both Sexes,35-39 years,2016,0.057299041,0.07252297,0.042470522
Ireland,Male,40-44 years,2016,0.0783066016732168,0.1007118151199951,0.0575437967515813
Ireland,Female,40-44 years,2016,0.0298945875658669,0.0421244419671934,0.0202412513169515
Ireland,Both Sexes,40-44 years,2016,0.053812944,0.069910557,0.040383441
Ireland,Male,15-19 years,2017,0.0291511017660371,0.0448712978342595,0.0174350552683547
Ireland,Female,15-19 years,2017,0.0172407143380462,0.0260432627768863,0.010051778999258
Ireland,Both Sexes,15-19 years,2017,0.023154938,0.03512896,0.013711202
Ireland,Male,20-24 years,2017,0.0818219334931849,0.1214917215704398,0.0523904864549045
Ireland,Female,20-24 years,2017,0.0417198281359093,0.0649637346654529,0.0250372937018099
Ireland,Both Sexes,20-24 years,2017,0.061567188,0.092507054,0.03864488
Ireland,Male,25-29 years,2017,0.0912064669193747,0.1188196841541825,0.0656106752418481
Ireland,Female,25-29 years,2017,0.0410420395051399,0.0584648265582932,0.0284405672358203
Ireland,Both Sexes,25-29 years,2017,0.065247881,0.087449686,0.046868281
Ireland,Male,30-34 years,2017,0.0870698785711623,0.1165063995083089,0.0585477598424939
Ireland,Female,30-34 years,2017,0.0346465028960812,0.0505604962378889,0.0210328215122607
Ireland,Both Sexes,30-34 years,2017,0.059430731,0.08024361,0.038479546
Ireland,Male,35-39 years,2017,0.0815067856755278,0.1024903481848491,0.0612364385177418
Ireland,Female,35-39 years,2017,0.0317384522603403,0.0430886653720904,0.0215678415433251
Ireland,Both Sexes,35-39 years,2017,0.05584517,0.071741839,0.040936031
Ireland,Male,40-44 years,2017,0.0760657807021847,0.0973667409380506,0.0560271878715122
Ireland,Female,40-44 years,2017,0.0292655327495457,0.0412316591249967,0.0199399738206125
Ireland,Both Sexes,40-44 years,2017,0.052346416,0.067645135,0.03916949
Ireland,Male,15-19 years,2018,0.0287200337280289,0.0446183325027704,0.0169969161599657
Ireland,Female,15-19 years,2018,0.0170230098960399,0.0256255492708568,0.009931540520388
Ireland,Both Sexes,15-19 years,2018,0.022821016,0.035093869,0.013380405
Ireland,Male,20-24 years,2018,0.0804547157866615,0.1212335374763691,0.0510625978032824
Ireland,Female,20-24 years,2018,0.0409695889120313,0.0632089927083357,0.0242699163132361
Ireland,Both Sexes,20-24 years,2018,0.060536063,0.091724873,0.036948047
Ireland,Male,25-29 years,2018,0.0895337051668973,0.1187007845934561,0.0645277639063162
Ireland,Female,25-29 years,2018,0.0402938073151847,0.0573171351968654,0.0275832823458659
Ireland,Both Sexes,25-29 years,2018,0.064177479,0.085773993,0.046147853
Ireland,Male,30-34 years,2018,0.0850926761676119,0.1134507250333321,0.0568422866945241
Ireland,Female,30-34 years,2018,0.0340272727867478,0.0487291415195049,0.0206906377498818
Ireland,Both Sexes,30-34 years,2018,0.058170354,0.078587728,0.037591982
Ireland,Male,35-39 years,2018,0.0791544136990598,0.1003852050001449,0.0597842133318334
Ireland,Female,35-39 years,2018,0.0310439861210135,0.0417887814553729,0.0204523736657414
Ireland,Both Sexes,35-39 years,2018,0.054204479,0.069980257,0.039535422
Ireland,Male,40-44 years,2018,0.0736607518455512,0.0946712428043938,0.0540737092949588
Ireland,Female,40-44 years,2018,0.0285410741108352,0.0407333560783233,0.0191797391209543
Ireland,Both Sexes,40-44 years,2018,0.050727939,0.064986755,0.037736858
Ireland,Male,15-19 years,2019,0.0282837130469671,0.0444214543402531,0.0163247098095121
Ireland,Female,15-19 years,2019,0.0167989449951845,0.0253665011219118,0.0098249515732357
Ireland,Both Sexes,15-19 years,2019,0.022481837,0.035065921,0.013024381
Ireland,Male,20-24 years,2019,0.0790087404134567,0.1202717040711613,0.0481498648160818
Ireland,Female,20-24 years,2019,0.0401916596660885,0.0621082381652913,0.0232318733154765
Ireland,Both Sexes,20-24 years,2019,0.059454369,0.090947178,0.034885886
Ireland,Male,25-29 years,2019,0.087767493856059,0.1172049397767562,0.0629622074547367
Ireland,Female,25-29 years,2019,0.0394763777441617,0.0562992532772218,0.0265083326431728
Ireland,Both Sexes,25-29 years,2019,0.062961221,0.084886412,0.045065764
Ireland,Male,30-34 years,2019,0.0831090135396686,0.1136854725687546,0.0544100740240532
Ireland,Female,30-34 years,2019,0.0333358002327361,0.0481525225792632,0.0202324556717
Ireland,Both Sexes,30-34 years,2019,0.056914631,0.077928292,0.036468032
Ireland,Male,35-39 years,2019,0.076923037333023,0.0980343149079931,0.0564930954517812
Ireland,Female,35-39 years,2019,0.0302948918289792,0.0411621054818578,0.0195484933843195
Ireland,Both Sexes,35-39 years,2019,0.052651165,0.068555332,0.038023247
Ireland,Male,40-44 years,2019,0.0714515473683367,0.0937665815859078,0.0521964448912939
Ireland,Female,40-44 years,2019,0.0277868937812396,0.0400510867212835,0.0184056895394122
Ireland,Both Sexes,40-44 years,2019,0.049172218,0.06362533,0.03605985
Italy,Male,15-19 years,2010,0.0166411793178359,0.0230314218513375,0.0112666294388133
Italy,Female,15-19 years,2010,0.00956907418904,0.0135305307773589,0.0064835917748563
Italy,Both Sexes,15-19 years,2010,0.013085499,0.018029464,0.008929318
Italy,Male,20-24 years,2010,0.04582771377118,0.0637783690345288,0.0317619550768616
Italy,Female,20-24 years,2010,0.0240382514575001,0.0347719546800342,0.0164639412947886
Italy,Both Sexes,20-24 years,2010,0.034864007,0.049416741,0.024216279
Italy,Male,25-29 years,2010,0.049700733790784,0.0644028389291516,0.0368845083453198
Italy,Female,25-29 years,2010,0.0236367850735626,0.0301507683364548,0.0173891579468896
Italy,Both Sexes,25-29 years,2010,0.036491433,0.04743915,0.027336904
Italy,Male,30-34 years,2010,0.0455489271419175,0.0622325118054967,0.0315194386050388
Italy,Female,30-34 years,2010,0.0198532248086759,0.0274834650129453,0.0129755062653192
Italy,Both Sexes,30-34 years,2010,0.032557944,0.044559125,0.022278042
Italy,Male,35-39 years,2010,0.0380749073579778,0.0493568912609847,0.0276012581021409
Italy,Female,35-39 years,2010,0.0166946355882213,0.0225211987104593,0.0115993910511399
Italy,Both Sexes,35-39 years,2010,0.027278543,0.035752828,0.019727953
Italy,Male,40-44 years,2010,0.0312435943827137,0.0426977050975668,0.0223079384170164
Italy,Female,40-44 years,2010,0.0137620937479688,0.0192638196642923,0.0093773131784476
Italy,Both Sexes,40-44 years,2010,0.022412983,0.031129242,0.015906892
Italy,Male,15-19 years,2011,0.0166648499316672,0.0230019099597763,0.0112875348373478
Italy,Female,15-19 years,2011,0.0095719124393613,0.0135356010972754,0.0064978975710551
Italy,Both Sexes,15-19 years,2011,0.013102964,0.018001458,0.008927135
Italy,Male,20-24 years,2011,0.0459283192407314,0.0640774764924645,0.0319435687608845
Italy,Female,20-24 years,2011,0.0240623755972766,0.0347289476658339,0.0165159553187589
Italy,Both Sexes,20-24 years,2011,0.034942028,0.049569575,0.024291464
Italy,Male,25-29 years,2011,0.0497687942784923,0.0644489311194332,0.0368337204793727
Italy,Female,25-29 years,2011,0.0236833837976884,0.0302064836717852,0.0174148857773284
Italy,Both Sexes,25-29 years,2011,0.036542925,0.04740331,0.027330779
Italy,Male,30-34 years,2011,0.0455681891677907,0.0622487880291278,0.0314299541598124
Italy,Female,30-34 years,2011,0.0198954054400602,0.0275299848362797,0.0129984385615806
Italy,Both Sexes,30-34 years,2011,0.032572498,0.044526968,0.022315552
Italy,Male,35-39 years,2011,0.038061761304308,0.0493508794229243,0.0275178032872984
Italy,Female,35-39 years,2011,0.0167237442854272,0.022527342876025,0.0116000575588018
Italy,Both Sexes,35-39 years,2011,0.027273947,0.035704398,0.019764637
Italy,Male,40-44 years,2011,0.0312135565641856,0.0428699302972626,0.0223187165199835
Italy,Female,40-44 years,2011,0.0137805805334533,0.0192943745452239,0.0094327429014444
Italy,Both Sexes,40-44 years,2011,0.022393399,0.031038614,0.015834614
Italy,Male,15-19 years,2012,0.0167172969809321,0.0229990996730513,0.0113211768301839
Italy,Female,15-19 years,2012,0.0095816950214004,0.0135988513542147,0.0065184187545509
Italy,Both Sexes,15-19 years,2012,0.013137485,0.018137288,0.008943284
Italy,Male,20-24 years,2012,0.0461376751128831,0.0644872799091005,0.0321453187884063
Italy,Female,20-24 years,2012,0.0241208567061144,0.0347368595828032,0.0165985093290296
Italy,Both Sexes,20-24 years,2012,0.03508987,0.049794509,0.024406438
Italy,Male,25-29 years,2012,0.0498705414249608,0.0648412220080175,0.0368412863881615
Italy,Female,25-29 years,2012,0.0237805344916789,0.0303982113992553,0.0174786160019647
Italy,Both Sexes,25-29 years,2012,0.036662993,0.047466901,0.027383245
Italy,Male,30-34 years,2012,0.0455699100539962,0.0620962173230461,0.0313305559968295
Italy,Female,30-34 years,2012,0.0200011354529447,0.0277385355048386,0.0130425704213631
Italy,Both Sexes,30-34 years,2012,0.032618174,0.044541982,0.022328269
Italy,Male,35-39 years,2012,0.038007208676599,0.0492945885428557,0.0274491801056115
Italy,Female,35-39 years,2012,0.0167947650124184,0.0225878359253757,0.0116634965386783
Italy,Both Sexes,35-39 years,2012,0.027280819,0.035673313,0.019765861
Italy,Male,40-44 years,2012,0.0311234521878058,0.0429277736382175,0.0221745169464204
Italy,Female,40-44 years,2012,0.0138249762266228,0.0192633144234339,0.0095051331068707
Italy,Both Sexes,40-44 years,2012,0.022358704,0.030923442,0.015766977
Italy,Male,15-19 years,2013,0.0167761402744345,0.0229980882368113,0.0113209896566642
Italy,Female,15-19 years,2013,0.0095962340670062,0.0135892920251035,0.0065412468561736
Italy,Both Sexes,15-19 years,2013,0.013178274,0.018354249,0.008961279
Italy,Male,20-24 years,2013,0.0463756311345123,0.0648982047681206,0.0323268691000295
Italy,Female,20-24 years,2013,0.0241892875766651,0.034736702507839,0.0165227379481357
Italy,Both Sexes,20-24 years,2013,0.035257955,0.049956259,0.024541267
Italy,Male,25-29 years,2013,0.0499699909873013,0.06532480770527,0.0368985638628062
Italy,Female,25-29 years,2013,0.0238920456787171,0.0307457774178339,0.0175549761315787
Italy,Both Sexes,25-29 years,2013,0.036797247,0.047597817,0.027451995
Italy,Male,30-34 years,2013,0.0455468069855801,0.0619349485860471,0.0311741264896234
Italy,Female,30-34 years,2013,0.0201274582231084,0.0279999283944991,0.0130898854129724
Italy,Both Sexes,30-34 years,2013,0.032682517,0.044581564,0.022313732
Italy,Male,35-39 years,2013,0.0379187230734279,0.0491670594492146,0.0274085079506172
Italy,Female,35-39 years,2013,0.016879391884874,0.0226529072920846,0.011793158656698
Italy,Both Sexes,35-39 years,2013,0.027278288,0.035633331,0.019729752
Italy,Male,40-44 years,2013,0.0309979376998127,0.0426786486739168,0.0219939519523388
Italy,Female,40-44 years,2013,0.0138776201907448,0.0192413670858048,0.0095219652242458
Italy,Both Sexes,40-44 years,2013,0.022326137,0.030815609,0.01581099
Italy,Male,15-19 years,2014,0.0168270328855889,0.0231551961468108,0.0113083161762163
Italy,Female,15-19 years,2014,0.0096108923973938,0.0135711092923915,0.0065551772660791
Italy,Both Sexes,15-19 years,2014,0.013217387,0.018477049,0.008972792
Italy,Male,20-24 years,2014,0.0465759027483059,0.0652031743628538,0.0324490954181389
Italy,Female,20-24 years,2014,0.0242488836108835,0.0347846762373315,0.0163823424682336
Italy,Both Sexes,20-24 years,2014,0.035404783,0.050111935,0.024654109
Italy,Male,25-29 years,2014,0.0500482165990386,0.065583053696711,0.0370610643185988
Italy,Female,25-29 years,2014,0.0239841553674102,0.0311436894153243,0.0176182194830188
Italy,Both Sexes,25-29 years,2014,0.036909941,0.047702865,0.027502403
Italy,Male,30-34 years,2014,0.0455011557231762,0.0617692698773781,0.0309821874131059
Italy,Female,30-34 years,2014,0.0202334445782003,0.0281334577263815,0.0131259404712706
Italy,Both Sexes,30-34 years,2014,0.03273623,0.04466554,0.022293453
Italy,Male,35-39 years,2014,0.0378083957400779,0.0489728053402898,0.027355852096514
Italy,Female,35-39 years,2014,0.0169507041836702,0.022681871680513,0.0118405211145325
Italy,Both Sexes,35-39 years,2014,0.027269511,0.035592535,0.019659946
Italy,Male,40-44 years,2014,0.0308631569989268,0.0424292572817841,0.0218096996336266
Italy,Female,40-44 years,2014,0.0139190633448657,0.0192235646871686,0.0095567029026572
Italy,Both Sexes,40-44 years,2014,0.022282355,0.030702546,0.015829167
Italy,Male,15-19 years,2015,0.0168450103882319,0.0233082716220635,0.0112629404094563
Italy,Female,15-19 years,2015,0.0096223697871309,0.0135153089396404,0.0065624424335835
Italy,Both Sexes,15-19 years,2015,0.013237247,0.018481054,0.008964297
Italy,Male,20-24 years,2015,0.0466550265865975,0.0651038153475716,0.0325844353691671
Italy,Female,20-24 years,2015,0.0242776633525013,0.0347642657251833,0.0162202992523132
Italy,Both Sexes,20-24 years,2015,0.035488875,0.050054722,0.024706178
Italy,Male,25-29 years,2015,0.0500665397952052,0.0655250197982757,0.0371784863742826
Italy,Female,25-29 years,2015,0.0240236944512061,0.031247789595057,0.017673081532655
Italy,Both Sexes,25-29 years,2015,0.036970566,0.047770194,0.027501777
Italy,Male,30-34 years,2015,0.0454250121369919,0.061736160083617,0.0307592107263269
Italy,Female,30-34 years,2015,0.020277265070335,0.0282216199579455,0.0131352051703046
Italy,Both Sexes,30-34 years,2015,0.032743443,0.044715922,0.022216797
Italy,Male,35-39 years,2015,0.0376800838708685,0.0487442920421963,0.0272962456823451
Italy,Female,35-39 years,2015,0.016978652263712,0.0226535746644122,0.0118993862290041
Italy,Both Sexes,35-39 years,2015,0.027226331,0.035516486,0.019540818
Italy,Male,40-44 years,2015,0.0307438641294608,0.042274152338416,0.0217339568922327
Italy,Female,40-44 years,2015,0.0139304219675856,0.0192128054758561,0.0096192906010329
Italy,Both Sexes,40-44 years,2015,0.022235563,0.03059677,0.015783639
Italy,Male,15-19 years,2016,0.0167159506260982,0.0230590381277659,0.0112326700142387
Italy,Female,15-19 years,2016,0.009637738360579,0.0135918690940985,0.0065889060000966
Italy,Both Sexes,15-19 years,2016,0.013185336,0.018423974,0.00897288
Italy,Male,20-24 years,2016,0.0461892061487478,0.0643438069903024,0.0322193188137307
Italy,Female,20-24 years,2016,0.0242644962048462,0.0346871071421442,0.016293666674152
Italy,Both Sexes,20-24 years,2016,0.035285758,0.049690213,0.024588918
Italy,Male,25-29 years,2016,0.0495249488362111,0.0648879337480795,0.0367117374351292
Italy,Female,25-29 years,2016,0.0239455997071839,0.03120160030332,0.0176722555945646
Italy,Both Sexes,25-29 years,2016,0.036706908,0.04751142,0.027348909
Italy,Male,30-34 years,2016,0.0449034599188417,0.0610873005719478,0.0304135430633213
Italy,Female,30-34 years,2016,0.0201535327668175,0.0279086772703238,0.0131165870354776
Italy,Both Sexes,30-34 years,2016,0.032431153,0.04412561,0.022015276
Italy,Male,35-39 years,2016,0.037320661838784,0.0483140607473693,0.0270429292128748
Italy,Female,35-39 years,2016,0.0168521251287621,0.0225075020506464,0.0118248031601076
Italy,Both Sexes,35-39 years,2016,0.026998473,0.035108182,0.019434846
Italy,Male,40-44 years,2016,0.0305767940170435,0.04185025813398,0.0216895387112857
Italy,Female,40-44 years,2016,0.0138133056224689,0.0191079577523992,0.00949742500804
Italy,Both Sexes,40-44 years,2016,0.022098503,0.030374261,0.015802203
Italy,Male,15-19 years,2017,0.0164055121963191,0.0225650667697314,0.0110823043679078
Italy,Female,15-19 years,2017,0.0096615011304715,0.0135787565310809,0.0066271516836529
Italy,Both Sexes,15-19 years,2017,0.013042649,0.018235441,0.008923077
Italy,Male,20-24 years,2017,0.0450700766340071,0.062709739678705,0.0315009980649857
Italy,Female,20-24 years,2017,0.0242231958386818,0.0345399040478487,0.0163588558334507
Italy,Both Sexes,20-24 years,2017,0.034746546,0.0488648,0.024236611
Italy,Male,25-29 years,2017,0.048254361559788,0.063254683509748,0.0356902714682203
Italy,Female,25-29 years,2017,0.0237536332457053,0.030921211266436,0.01759843500369
Italy,Both Sexes,25-29 years,2017,0.03601345,0.046767368,0.026851969
Italy,Male,30-34 years,2017,0.0437861910403752,0.0596861090459775,0.029678803455682
Italy,Female,30-34 years,2017,0.0198508452769426,0.0273975392026507,0.0130072838660413
Italy,Both Sexes,30-34 years,2017,0.031746533,0.043090792,0.02157989
Italy,Male,35-39 years,2017,0.0366447988958795,0.0474390240796373,0.0266093032176413
Italy,Female,35-39 years,2017,0.0165508168990821,0.0221098121008606,0.011630593393526
Italy,Both Sexes,35-39 years,2017,0.026518129,0.034386952,0.019188978
Italy,Male,40-44 years,2017,0.0303173421284141,0.0413326015877664,0.021608847675306
Italy,Female,40-44 years,2017,0.0135398202708933,0.0187990777688271,0.0092945910153506
Italy,Both Sexes,40-44 years,2017,0.021840192,0.029973531,0.015683655
Italy,Male,15-19 years,2018,0.0160249492593947,0.0219504126521921,0.0108756702861892
Italy,Female,15-19 years,2018,0.0096856337144743,0.0135376336120497,0.0066620940907386
Italy,Both Sexes,15-19 years,2018,0.012860856,0.017947331,0.008842679
Italy,Male,20-24 years,2018,0.0437115263907045,0.0607910419325479,0.0305390999187438
Italy,Female,20-24 years,2018,0.0241645440784766,0.0343914852574637,0.0164081295621557
Italy,Both Sexes,20-24 years,2018,0.034076795,0.047904334,0.023737989
Italy,Male,25-29 years,2018,0.0467257016702491,0.0611441081486967,0.0345759487574587
Italy,Female,25-29 years,2018,0.0235042171363072,0.0306553410923723,0.0174811512116545
Italy,Both Sexes,25-29 years,2018,0.035159153,0.045829827,0.026234528
Italy,Male,30-34 years,2018,0.0424641323826601,0.057630644854387,0.0288117401956707
Italy,Female,30-34 years,2018,0.0194746654076624,0.0268677937423119,0.0128400182209485
Italy,Both Sexes,30-34 years,2018,0.030919809,0.041973293,0.021043534
Italy,Male,35-39 years,2018,0.0358633763658244,0.0464048113687274,0.0263227832700442
Italy,Female,35-39 years,2018,0.0161789092007812,0.0216114468221886,0.0114443985057199
Italy,Both Sexes,35-39 years,2018,0.02595296,0.033604246,0.018893265
Italy,Male,40-44 years,2018,0.0300250197646756,0.0407465689210257,0.0215142303084211
Italy,Female,40-44 years,2018,0.0132011176545681,0.0184104113693907,0.0090681911758964
Italy,Both Sexes,40-44 years,2018,0.021526377,0.029490109,0.015509434
Italy,Male,15-19 years,2019,0.0156890588674643,0.0215011369372936,0.0106974078187746
Italy,Female,15-19 years,2019,0.0097046361190364,0.013549172507428,0.006636481900399
Italy,Both Sexes,15-19 years,2019,0.012693142,0.017611317,0.008768205
Italy,Male,20-24 years,2019,0.042533829738461,0.0591642239308192,0.0297115827204737
Italy,Female,20-24 years,2019,0.024090236110261,0.0342850306293376,0.0164111919535563
Italy,Both Sexes,20-24 years,2019,0.033490628,0.047128833,0.02329907
Italy,Male,25-29 years,2019,0.04541542670239,0.0593511454336323,0.0336978437353194
Italy,Female,25-29 years,2019,0.0232543592596014,0.030394750498291,0.0173467857304399
Italy,Both Sexes,25-29 years,2019,0.034404303,0.044968502,0.025684878
Italy,Male,30-34 years,2019,0.0413370087100526,0.0558412876820441,0.0280292786161071
Italy,Female,30-34 years,2019,0.0191318543154883,0.0263488452128831,0.0126714297586277
Italy,Both Sexes,30-34 years,2019,0.030204332,0.041032799,0.020569136
Italy,Male,35-39 years,2019,0.0351893144801768,0.0455299791320149,0.0260946689673815
Italy,Female,35-39 years,2019,0.0158419412059166,0.0211732904996871,0.0111764392363636
Italy,Both Sexes,35-39 years,2019,0.025458565,0.032900426,0.018591173
Italy,Male,40-44 years,2019,0.0297607613111509,0.0401938411053291,0.0213831594771425
Italy,Female,40-44 years,2019,0.012890101173356,0.018060683074229,0.0088611257626952
Italy,Both Sexes,40-44 years,2019,0.021247576,0.02905179,0.015344941
