Title,Year,Liters Pure Alcohol Consumed,NumericValue,Min,Max
Azerbaijan,2008,0.6 [0.3 - 1.0],0.568046097,0.251125335,0.96442283
Portugal,2012,10.0 [8.4 - 11.7],10.04,8.40102284,11.69269293
Tajikistan,2020,0.8 [0.3 - 1.2],0.760516197,0.340246081,1.209908383
Netherlands (Kingdom of the),2008,9.4 [7.7 - 11.0],9.35,7.660836521,10.9634657
Portugal,2018,10.6 [9.0 - 12.2],10.55359729,8.961006891,12.15848808
Poland,2022,10.8 [9.1 - 12.3],10.75666667,9.061916085,12.32583189
Tajikistan,2014,0.9 [0.4 - 1.3],0.851638385,0.40887309,1.325733264
Latvia,2005,9.7 [8.1 - 11.3],9.71,8.105076595,11.27061964
Kazakhstan,2021,4.5 [3.4 - 5.5],4.503333333,3.429405631,5.500513318
Azerbaijan,2018,0.9 [0.4 - 1.4],0.896666667,0.438102453,1.376233417
Malta,2016,7.8 [6.3 - 9.2],7.770016712,6.349974089,9.161063972
Israel,2003,2.2 [1.4 - 2.9],2.190967027,1.427451712,2.912009821
Andorra,2021,10.4 [8.8 - 12.0],10.42666667,8.773444549,12.04643769
Denmark,2012,9.6 [8.1 - 11.2],9.636666667,8.144435525,11.18800343
North Macedonia,2001,4.0 [3.0 - 5.0],3.968098367,2.985706008,4.983068452
Lithuania,2013,14.9 [13.1 - 16.8],14.91333333,13.05196327,16.83738856
Romania,2001,11.4 [9.8 - 13.1],11.4,9.756798832,13.0822654
Bosnia and Herzegovina,2003,3.7 [2.8 - 4.6],3.700525105,2.75213081,4.624584695
Albania,2009,5.1 [4.0 - 6.2],5.13438169,3.984590565,6.220551045
Sweden,2000,6.5 [5.2 - 7.8],6.526666667,5.230770815,7.84682154
Kyrgyzstan,2003,6.0 [4.8 - 7.2],5.98,4.819889155,7.170816847
Kazakhstan,2005,3.5 [2.6 - 4.5],3.501077539,2.591908191,4.525568938
Turkmenistan,2001,2.8 [1.9 - 3.5],2.755912844,1.903105938,3.546044819
Belarus,2017,9.6 [8.0 - 11.1],9.6,8.023248265,11.0618157
Sweden,2015,7.2 [5.8 - 8.5],7.16,5.797147535,8.460955656
Bulgaria,2005,9.8 [8.2 - 11.4],9.794668101,8.203723,11.38546893
Türkiye,2002,1.5 [0.9 - 2.0],1.462298818,0.863380155,2.031388309
Albania,2016,4.3 [3.3 - 5.4],4.305091869,3.284676388,5.404785817
Hungary,2002,13.2 [11.5 - 15.1],13.23333333,11.47658643,15.11738515
Georgia,2017,7.3 [5.9 - 8.6],7.264591379,5.899937083,8.602203452
Poland,2010,10.2 [8.5 - 11.8],10.15333333,8.533511852,11.77414891
Cyprus,2008,6.2 [5.0 - 7.5],6.223098722,4.950825247,7.536214348
Portugal,2000,12.6 [10.9 - 14.4],12.63,10.86237471,14.38730826
Estonia,2022,12.1 [10.2 - 13.8],12.05666667,10.1984948,13.79582662
Armenia,2012,3.9 [2.9 - 4.9],3.912824701,2.887711732,4.858604776
Belarus,2014,10.9 [9.3 - 12.5],10.92666667,9.275213681,12.54657175
Estonia,2001,10.4 [8.9 - 12.0],10.43,8.872575539,11.9768438
Cyprus,2020,4.9 [3.8 - 6.0],4.874251822,3.76478755,5.997169648
Germany,2018,11.0 [9.3 - 12.6],10.99666667,9.342432088,12.5777737
Spain,2004,11.4 [9.8 - 13.2],11.43,9.836244585,13.18778023
Kazakhstan,2006,3.7 [2.8 - 4.7],3.71801535,2.829676593,4.73018623
Austria,2002,12.3 [10.3 - 14.1],12.27666667,10.33419895,14.12306931
Iceland,2015,7.4 [6.0 - 8.8],7.38,6.036096309,8.844041377
Bosnia and Herzegovina,2021,5.2 [4.0 - 6.3],5.197321166,4.02872393,6.341441511
Luxembourg,2003,12.8 [11.1 - 14.4],12.76166667,11.09451075,14.38505262
Andorra,2002,12.5 [10.6 - 14.3],12.50333333,10.62662635,14.25299923
Lithuania,2019,10.6 [9.0 - 12.3],10.62333333,9.018647635,12.28544502
Ireland,2008,12.2 [10.4 - 14.0],12.23333333,10.44326044,14.01720217
Finland,2008,10.2 [8.7 - 11.8],10.22333333,8.740399451,11.82235919
Greece,2006,8.3 [6.9 - 9.8],8.307137159,6.902165905,9.788587755
France,2002,13.8 [12.0 - 15.8],13.84,12.01214834,15.76962402
Portugal,2009,11.4 [9.7 - 13.1],11.41333333,9.716157146,13.07074282
Turkmenistan,2002,2.8 [2.0 - 3.6],2.821975932,1.973762892,3.609084509
Serbia,2022,7.8 [6.4 - 9.3],7.824432176,6.391292292,9.307944806
Slovenia,2000,11.4 [9.7 - 13.2],11.42,9.673390547,13.20196763
Tajikistan,2000,0.8 [0.4 - 1.3],0.823758864,0.363082036,1.274426334
Netherlands (Kingdom of the),2005,9.5 [8.0 - 11.1],9.546666667,7.999223932,11.09730842
Slovakia,2012,10.1 [8.5 - 11.6],10.12333333,8.51207744,11.59503596
Serbia,2005,No data,,,
Georgia,2010,6.9 [5.5 - 8.1],6.853901788,5.503343333,8.146422594
Ukraine,2006,7.5 [5.9 - 8.7],7.46,5.943289412,8.743584075
North Macedonia,2019,4.4 [3.4 - 5.5],4.384729738,3.415616593,5.467795598
Israel,2019,2.5 [1.7 - 3.3],2.508269687,1.689570562,3.309014848
Greece,2008,8.5 [7.0 - 10.0],8.456899836,6.959583875,9.991952369
Hungary,2017,11.2 [9.5 - 12.8],11.17666667,9.5409432,12.75431229
Tajikistan,2011,0.7 [0.3 - 1.1],0.711299998,0.280143104,1.100938858
Türkiye,2015,1.4 [0.8 - 2.0],1.396666667,0.82210302,1.960617031
United Kingdom of Great Britain and Northern Ireland,2012,9.7 [8.1 - 11.3],9.666666667,8.082511893,11.33299132
Israel,2017,2.6 [1.8 - 3.4],2.556671291,1.769212972,3.38554044
Slovakia,2019,10.2 [8.6 - 11.8],10.17,8.572313532,11.77248937
Ukraine,2000,6.8 [5.4 - 8.1],6.795881072,5.417918582,8.119414607
Ukraine,2016,5.7 [4.5 - 6.9],5.686666667,4.475368162,6.860450413
Spain,2012,8.6 [7.1 - 10.1],8.636666667,7.104345014,10.12608122
Turkmenistan,2016,3.0 [2.1 - 3.9],2.978113391,2.079756983,3.86519655
Greece,2014,7.2 [5.8 - 8.5],7.161759529,5.797728116,8.483118666
Sweden,2021,7.5 [6.2 - 9.0],7.543333333,6.217700642,8.975514837
Romania,2009,11.1 [9.5 - 12.7],11.13666667,9.506151925,12.71240804
Spain,2017,10.7 [9.2 - 12.3],10.72666667,9.162759475,12.27381514
Ukraine,2021,4.6 [3.5 - 5.6],4.552222758,3.493353468,5.605037403
Germany,2001,12.6 [10.8 - 14.5],12.56,10.76874665,14.47489026
Netherlands (Kingdom of the),2020,8.1 [6.7 - 9.3],8.066666667,6.738820799,9.336021469
Romania,2020,11.0 [9.3 - 12.6],10.96666667,9.335964183,12.64913527
Slovakia,2005,10.4 [8.7 - 11.9],10.38,8.737034336,11.92159742
Italy,2012,7.3 [5.9 - 8.6],7.27,5.949084842,8.625768143
Ukraine,2010,8.5 [7.1 - 10.0],8.533333333,7.09140394,10.00349201
Kazakhstan,2020,3.9 [2.9 - 4.8],3.886666667,2.86134282,4.842176288
Tajikistan,2002,0.8 [0.4 - 1.2],0.795070167,0.353798831,1.246998277
Croatia,2022,10.2 [8.6 - 11.8],10.22497286,8.620554777,11.8458666
Latvia,2015,10.9 [9.3 - 12.6],10.9,9.283501529,12.58534386
Sweden,2009,7.2 [5.9 - 8.6],7.236666667,5.918466046,8.622945488
Austria,2005,12.3 [10.5 - 14.1],12.30333333,10.45434574,14.10343906
Greece,2022,6.2 [5.0 - 7.4],6.236011398,5.045419039,7.435265261
United Kingdom of Great Britain and Northern Ireland,2000,11.2 [9.4 - 12.9],11.17666667,9.429241153,12.85151038
Slovakia,2006,10.6 [9.0 - 12.2],10.57,8.98669818,12.16554303
Montenegro,2001,10.3 [8.6 - 11.8],10.2666584,8.64068742,11.81372736
Poland,2014,10.6 [9.0 - 12.3],10.58333333,8.964639576,12.28938105
Sweden,2014,7.2 [5.9 - 8.5],7.216666667,5.855507132,8.547082025
Republic of Moldova,2010,6.9 [5.7 - 8.2],6.892570059,5.650895247,8.22268742
Republic of Moldova,2007,7.4 [6.0 - 8.8],7.43444013,6.04048111,8.824631288
Belgium,2011,10.2 [8.6 - 11.7],10.17,8.55811327,11.70653032
Italy,2007,7.1 [5.7 - 8.3],7.093333333,5.739133877,8.331723584
Montenegro,2016,8.2 [6.8 - 9.7],8.214984375,6.841416427,9.676747741
Latvia,2017,12.4 [10.7 - 14.1],12.36666667,10.6506275,14.13359855
Russian Federation,2000,10.2 [8.8 - 11.7],10.23333333,8.750047416,11.74679168
Malta,2010,6.5 [5.2 - 7.8],6.488163705,5.226888831,7.786516388
Ireland,2001,14.3 [12.4 - 16.2],14.3,12.38008071,16.18822737
Bosnia and Herzegovina,2005,4.1 [3.1 - 5.2],4.13600328,3.094316703,5.206685689
Armenia,2000,2.8 [1.9 - 3.6],2.775495241,1.929825461,3.604152427
Bulgaria,2010,10.3 [8.7 - 11.8],10.25210996,8.662173355,11.76956675
Italy,2015,7.3 [5.9 - 8.5],7.266666667,5.917320557,8.517380696
Montenegro,2003,10.3 [8.5 - 11.9],10.2666584,8.546880317,11.86367215
Portugal,2015,10.1 [8.5 - 11.6],10.05,8.497589835,11.55662667
Montenegro,2000,10.3 [8.6 - 11.8],10.2666584,8.64068742,11.81372736
Hungary,2004,13.2 [11.2 - 14.9],13.15333333,11.18468594,14.93523894
Austria,2008,12.2 [10.3 - 13.8],12.15666667,10.34444572,13.8229399
Lithuania,2002,10.8 [9.1 - 12.6],10.83,9.08879836,12.60274075
Serbia,2019,8.0 [6.6 - 9.5],8.000598845,6.551243291,9.453743934
Russian Federation,2005,11.3 [9.6 - 13.1],11.33666667,9.638979748,13.05318572
Slovakia,2002,10.5 [8.9 - 12.1],10.46333333,8.890712557,12.11859059
Israel,2001,2.2 [1.4 - 2.9],2.225936576,1.435420861,2.949051999
Norway,2021,7.1 [5.7 - 8.5],7.106666667,5.747096971,8.495324553
Slovenia,2007,11.4 [9.6 - 13.2],11.4,9.559899817,13.23569948
Greece,2004,8.2 [6.7 - 9.7],8.187981802,6.707677332,9.713853319
Andorra,2011,10.5 [8.9 - 12.1],10.53833333,8.8688495,12.10733407
Spain,2013,8.3 [6.9 - 9.8],8.336666667,6.948899064,9.771272898
Luxembourg,2015,11.5 [9.8 - 13.2],11.53666667,9.800477172,13.15558986
Albania,2000,4.0 [3.0 - 5.0],3.976983151,2.998145781,4.971843902
Bulgaria,2016,10.6 [8.9 - 12.3],10.58839062,8.922697308,12.28669507
Belarus,2018,9.9 [8.2 - 11.4],9.873333333,8.203654188,11.36652183
Kazakhstan,2003,3.2 [2.4 - 4.1],3.160838955,2.361208668,4.100216435
Montenegro,2018,8.7 [7.2 - 10.1],8.6812016,7.233772605,10.1338592
Israel,2010,2.6 [1.8 - 3.4],2.61229483,1.784024514,3.391930105
Ireland,2007,13.0 [11.2 - 14.8],12.98333333,11.20098379,14.84745106
Spain,2001,11.4 [9.7 - 13.0],11.36,9.688567681,12.97473147
Turkmenistan,2009,2.7 [1.8 - 3.5],2.703324064,1.838699837,3.504749865
Republic of Moldova,2003,7.8 [6.4 - 9.2],7.781965608,6.418898965,9.242701033
Luxembourg,2010,11.8 [10.1 - 13.6],11.835,10.07323769,13.60720526
Lithuania,2008,13.5 [11.4 - 15.3],13.48666667,11.44222376,15.27416897
Spain,2008,10.4 [8.7 - 12.1],10.42666667,8.662840014,12.05352635
Latvia,2021,12.6 [10.9 - 14.4],12.57666667,10.93091428,14.40579001
North Macedonia,2007,4.0 [3.0 - 5.0],4.005163191,3.044611344,4.975359793
Türkiye,2022,1.5 [0.9 - 2.1],1.523333333,0.881707245999999,2.127669181
Kyrgyzstan,2001,5.0 [3.9 - 6.1],5.036666667,3.906163703,6.078583229
Italy,2005,7.9 [6.6 - 9.4],7.88,6.600208551,9.36827896
Georgia,2003,4.9 [3.7 - 6.0],4.88236576,3.707286036,5.970401749
Hungary,2009,11.3 [9.5 - 13.1],11.3,9.478751204,13.13494827
Serbia,2000,8.8 [7.4 - 10.3],8.809469915,7.364772376,10.25747668
Montenegro,2012,9.6 [8.1 - 11.2],9.613178122,8.137820698,11.20750591
Belgium,2007,10.7 [9.1 - 12.3],10.73229186,9.087854149,12.28777073
Latvia,2010,9.9 [8.2 - 11.5],9.93,8.151696475,11.47404201
Georgia,2019,8.5 [7.0 - 10.0],8.511130034,7.038089931,9.994399816
Andorra,2004,12.3 [10.5 - 14.0],12.29,10.50517891,13.99725587
Malta,2020,6.1 [4.9 - 7.4],6.128416528,4.880486586,7.390618753
Kyrgyzstan,2000,5.0 [3.9 - 6.1],5.036666667,3.906163703,6.078583229
Ireland,2017,11.1 [9.4 - 12.7],11.06666667,9.35222324,12.70680702
Ireland,2014,10.7 [8.9 - 12.3],10.70666667,8.921854671,12.28323243
Spain,2007,11.1 [9.5 - 12.6],11.05,9.472466162,12.62815837
Cyprus,2004,6.7 [5.3 - 7.9],6.664297157,5.307139134,7.938442239
Albania,2017,4.3 [3.3 - 5.3],4.316201206,3.252908291,5.321463907
Armenia,2006,3.8 [2.9 - 4.8],3.849531705,2.861346056,4.78180752
Poland,2012,10.4 [8.8 - 12.0],10.41666667,8.813988176,11.97202105
France,2005,13.0 [11.1 - 14.8],13.04,11.14015031,14.80575618
Armenia,2014,4.1 [3.1 - 5.1],4.06638097,3.093049612,5.058439089
Romania,2015,9.5 [8.1 - 11.2],9.54,8.06237104,11.21508901
Ukraine,2011,8.4 [6.9 - 9.8],8.396666667,6.869128,9.777940198
Turkmenistan,2013,3.0 [2.1 - 3.9],3.004494445,2.097921305,3.861349294
Bulgaria,2012,10.5 [8.8 - 12.1],10.51968241,8.806126011,12.10489719
Luxembourg,2001,13.3 [11.4 - 15.0],13.27833333,11.41844373,15.00437471
Lithuania,2010,13.2 [11.3 - 15.1],13.24,11.34018943,15.05728696
Sweden,2001,6.5 [5.2 - 7.8],6.526666667,5.230770815,7.84682154
Kyrgyzstan,2021,3.5 [2.6 - 4.4],3.503333333,2.55381619,4.376954876
Turkmenistan,2015,3.0 [2.2 - 3.9],3.020591537,2.179652649,3.903810402
Kazakhstan,2012,3.6 [2.6 - 4.6],3.593333333,2.649608961,4.564469497
Netherlands (Kingdom of the),2019,8.1 [6.6 - 9.5],8.126666667,6.645354673,9.50422837
Belgium,2002,11.4 [9.7 - 13.2],11.43873141,9.694231359,13.19967657
Turkmenistan,2012,2.9 [2.1 - 3.8],2.929681124,2.14444911,3.840954537
Germany,2013,11.3 [9.4 - 12.9],11.29666667,9.394772325,12.87889474
Armenia,2008,3.9 [2.8 - 4.9],3.851554863,2.846856571,4.884879635
Austria,2003,12.2 [10.3 - 13.9],12.21,10.33922196,13.94568293
Poland,2019,10.8 [9.3 - 12.6],10.83,9.251650475,12.58463047
Slovakia,2022,9.9 [8.4 - 11.6],9.943333333,8.367126391,11.56030134
Finland,2003,9.5 [7.9 - 11.0],9.483333333,7.927086634,11.01747593
North Macedonia,2004,3.9 [2.9 - 4.9],3.893538848,2.872339137,4.866305001
Belgium,2010,10.2 [8.5 - 11.8],10.17333333,8.532511856,11.84679365
Turkmenistan,2003,2.9 [2.0 - 3.8],2.88515405,2.02178756,3.75976296
Belgium,2005,11.0 [9.5 - 12.8],11.02811728,9.475807332,12.82186419
Finland,2020,8.2 [6.8 - 9.7],8.16,6.790932522,9.701498516
Hungary,2013,10.9 [9.3 - 12.4],10.91666667,9.270175417,12.44735621
Albania,2008,5.2 [4.0 - 6.4],5.175338186,4.04187619,6.356289846
Norway,2022,7.1 [5.7 - 8.5],7.106666667,5.747096971,8.495324553
Slovenia,2018,10.4 [8.9 - 12.0],10.4,8.902785317,12.03562794
Russian Federation,2021,7.3 [6.0 - 8.6],7.32,6.019809161,8.625571574
Azerbaijan,2002,0.3 [0.1 - 0.6],0.330411403,0.090801174,0.631104953
Belgium,2008,10.5 [8.8 - 12.1],10.45853518,8.755793424,12.13209093
Poland,2008,10.4 [8.7 - 12.1],10.43333333,8.737339496,12.12152478
Kyrgyzstan,2012,6.0 [4.8 - 7.2],6.046666667,4.754435267,7.249472034
Andorra,2017,11.2 [9.5 - 13.0],11.195,9.470463021,12.96014914
Republic of Moldova,2020,10.4 [8.7 - 11.9],10.35260176,8.734029938,11.89026102
Portugal,2007,11.6 [9.9 - 13.4],11.60666667,9.917739222,13.38363668
Denmark,2017,9.3 [7.7 - 11.0],9.33,7.659040241,10.9558082
Uzbekistan,2022,1.9 [1.2 - 2.6],1.94158899,1.245452625,2.609013183
Andorra,2014,10.4 [8.8 - 12.0],10.38666667,8.800246849,12.02940612
Azerbaijan,2004,0.4 [0.1 - 0.6],0.360580843,0.121498897,0.645740149
Estonia,2010,15.4 [13.4 - 17.3],15.42333333,13.37907711,17.29432164
Slovakia,2017,9.9 [8.3 - 11.5],9.9,8.287974329,11.54003246
Estonia,2009,15.7 [13.7 - 17.6],15.66333333,13.73373519,17.55270783
Latvia,2003,8.2 [6.6 - 9.5],8.163333333,6.628258888,9.503475831
Montenegro,2013,9.3 [7.8 - 10.8],9.277534185,7.764369587,10.784103
Netherlands (Kingdom of the),2007,9.5 [7.8 - 11.1],9.496666667,7.782886563,11.05213119
Latvia,2016,11.6 [10.0 - 13.3],11.56666667,9.962872851,13.30485397
Georgia,2018,7.9 [6.4 - 9.3],7.858082323,6.432954388,9.255310373
United Kingdom of Great Britain and Northern Ireland,2004,11.4 [9.7 - 13.1],11.40666667,9.700282213,13.05899373
Belgium,2006,10.9 [9.3 - 12.6],10.90408885,9.301536012,12.58144626
Georgia,2006,5.6 [4.4 - 6.8],5.595430487,4.408941163,6.762695565
Hungary,2019,10.9 [9.2 - 12.5],10.89,9.204137251,12.47714797
Romania,2016,9.8 [8.1 - 11.3],9.773333333,8.128367977,11.3296156
Kyrgyzstan,2011,6.0 [4.7 - 7.2],6.013333333,4.739985962,7.152806731
Slovakia,2011,10.2 [8.6 - 11.7],10.20666667,8.555472789,11.7419982
Ireland,2006,13.4 [11.4 - 15.0],13.36333333,11.43721144,14.9907992
Belgium,2022,8.1 [6.6 - 9.5],8.090245698,6.604014293,9.53921465
Switzerland,2006,9.8 [8.3 - 11.5],9.833333333,8.316896041,11.45213925
Israel,2021,2.6 [1.7 - 3.4],2.579043596,1.735716973,3.380624715
Hungary,2005,13.2 [11.2 - 15.0],13.15,11.23409496,15.02011417
Spain,2003,10.9 [9.3 - 12.5],10.93,9.258128535,12.54989812
Ireland,2010,11.5 [9.9 - 13.1],11.50666667,9.907623225,13.12708264
United Kingdom of Great Britain and Northern Ireland,2011,9.9 [8.2 - 11.5],9.876666667,8.248029278,11.46934112
Romania,2008,11.5 [9.9 - 13.1],11.49333333,9.858352183,13.05018517
Luxembourg,2007,12.2 [10.2 - 13.9],12.17666667,10.18711348,13.93490491
Germany,2014,11.2 [9.4 - 12.8],11.22333333,9.357041284,12.80420213
Austria,2022,11.4 [9.6 - 13.0],11.36666667,9.647922336,12.96358277
Armenia,2004,3.4 [2.5 - 4.3],3.430190184,2.536233985,4.283878894
Bulgaria,2007,10.3 [8.7 - 11.8],10.27967604,8.710351899,11.81466382
Netherlands (Kingdom of the),2014,8.4 [7.0 - 9.9],8.416666667,7.027596635,9.867696382
Germany,2015,11.2 [9.4 - 12.8],11.21333333,9.373206997,12.8353891
Czechia,2008,13.7 [11.7 - 15.5],13.66,11.70750166,15.51221948
Spain,2006,11.6 [10.0 - 13.5],11.61,9.958217107,13.45294285
Russian Federation,2020,7.3 [5.9 - 8.7],7.273333333,5.919511682,8.665521692
France,2008,12.7 [10.9 - 14.5],12.65333333,10.89618502,14.45200651
Cyprus,2014,5.3 [4.3 - 6.5],5.309584891,4.250216249,6.504476522
Sweden,2012,7.3 [5.9 - 8.6],7.286666667,5.876318298,8.583322063
Montenegro,2007,10.6 [9.0 - 12.3],10.61616086,8.974002562,12.27583947
North Macedonia,2016,4.4 [3.3 - 5.6],4.432115729,3.34007091,5.635826151
Slovenia,2004,10.9 [9.3 - 12.4],10.91666667,9.258209044,12.42614706
Belgium,2004,11.2 [9.4 - 12.9],11.18478377,9.365320349,12.90583238
Belgium,2003,11.3 [9.7 - 13.1],11.3057972,9.675278104,13.07101983
Germany,2019,10.8 [9.2 - 12.5],10.82,9.191980949,12.52566639
Belarus,2009,13.9 [12.1 - 15.7],13.89,12.1223278,15.67883056
Russian Federation,2004,11.2 [9.4 - 13.0],11.17333333,9.411167392,13.01630459
Tajikistan,2001,0.8 [0.4 - 1.3],0.823758864,0.363082036,1.274426334
Netherlands (Kingdom of the),2012,8.9 [7.5 - 10.4],8.883333333,7.505467231,10.402042
Slovenia,2013,10.5 [8.9 - 12.0],10.5,8.89694268,12.04435458
Malta,2002,5.9 [4.7 - 7.0],5.856890505,4.650963137,7.018243608
Poland,2001,8.1 [6.7 - 9.5],8.05,6.716453552,9.518881011
Kazakhstan,2011,3.6 [2.6 - 4.6],3.64,2.61474868,4.617416533
Armenia,2001,2.8 [1.9 - 3.6],2.775495241,1.929825461,3.604152427
Czechia,2019,13.1 [11.3 - 14.9],13.05,11.25080228,14.93162453
Kazakhstan,2018,3.9 [2.9 - 4.9],3.906666667,2.869562444,4.908138998
Romania,2003,12.2 [10.6 - 13.9],12.15,10.55544275,13.90274268
Sweden,2007,6.9 [5.5 - 8.3],6.936666667,5.543595397,8.280239182
Estonia,2006,17.3 [15.0 - 19.3],17.30666667,15.01814636,19.34481635
Azerbaijan,2005,0.4 [0.1 - 0.7],0.418478561,0.128119653,0.748606177
Lithuania,2004,11.9 [10.1 - 13.6],11.93333333,10.1067772,13.64228066
Slovakia,2004,10.2 [8.6 - 11.9],10.23666667,8.605559936,11.93404218
Turkmenistan,2011,2.8 [2.0 - 3.7],2.831518236,2.002532346,3.70087667
Czechia,2005,13.6 [11.6 - 15.3],13.58,11.63055002,15.32909534
Kyrgyzstan,2013,6.2 [4.9 - 7.4],6.153333333,4.92366593,7.380874768
Finland,2011,9.6 [8.0 - 11.2],9.603333333,8.000549179,11.15539795
Azerbaijan,2009,0.7 [0.3 - 1.2],0.714873173,0.311409081,1.170373294
Albania,2004,4.4 [3.4 - 5.4],4.362270848,3.355204565,5.364551524
Croatia,2010,10.7 [8.9 - 12.3],10.6678237,8.870675483,12.30871278
Uzbekistan,2003,1.5 [0.9 - 2.1],1.456926311,0.85126395,2.058557668
Slovakia,2001,10.9 [9.2 - 12.5],10.87,9.165694707,12.46219801
Latvia,2007,11.5 [9.7 - 13.1],11.45666667,9.701199909,13.0913745
Malta,2011,6.7 [5.4 - 8.1],6.690990059,5.392378467,8.052566242
Sweden,2003,6.8 [5.4 - 8.1],6.756666667,5.383076889,8.135719734
Russian Federation,2012,10.4 [8.7 - 12.0],10.36666667,8.735226159,11.95044534
Ireland,2021,10.2 [8.4 - 11.7],10.15,8.396947515,11.66265651
Greece,2020,6.2 [5.0 - 7.4],6.220764595,4.961329181,7.408262143
Luxembourg,2019,11.0 [9.3 - 12.8],10.975,9.286852444,12.8302602
Uzbekistan,2004,1.5 [0.9 - 2.1],1.521752507,0.912627294,2.141872673
Austria,2016,11.3 [9.7 - 13.0],11.32666667,9.679025128,13.03002409
Luxembourg,2014,11.5 [9.7 - 13.1],11.525,9.734770769,13.05541708
Ukraine,2022,4.6 [3.5 - 5.6],4.552222758,3.493353468,5.605037403
North Macedonia,2000,4.0 [3.0 - 5.0],3.968098367,2.985706008,4.983068452
Kyrgyzstan,2005,6.1 [4.8 - 7.3],6.133333333,4.777952565,7.316340528
Malta,2005,5.3 [4.2 - 6.5],5.332087352,4.197978953,6.500437653
Georgia,2000,4.5 [3.4 - 5.6],4.52094951,3.44834566,5.617219965
Azerbaijan,2020,1.4 [0.8 - 2.0],1.363333333,0.813799463,1.970597454
Bosnia and Herzegovina,2011,4.6 [3.6 - 5.8],4.644597456,3.578778895,5.814810299
North Macedonia,2015,4.5 [3.4 - 5.6],4.479778707,3.389448258,5.615825121
France,2017,11.7 [9.9 - 13.3],11.66333333,9.882919928,13.25586139
Kyrgyzstan,2008,5.9 [4.7 - 7.0],5.926666667,4.663716729,7.042173035
Cyprus,2002,6.8 [5.4 - 8.0],6.805994005,5.438833612,8.034844792
France,2007,12.8 [11.0 - 14.6],12.82666667,11.04666,14.56677965
Serbia,2004,9.3 [7.8 - 10.8],9.325655985,7.757868335,10.81417117
Georgia,2007,5.8 [4.6 - 7.0],5.834124968,4.588958186,7.010541957
Kazakhstan,2007,3.7 [2.7 - 4.7],3.671347697,2.698152298,4.658170447
Germany,2008,11.4 [9.5 - 13.0],11.35333333,9.488829454,13.00007882
Norway,2010,6.6 [5.3 - 7.8],6.57,5.274731791,7.841575553
Andorra,2000,12.7 [10.8 - 14.4],12.67833333,10.83112086,14.40029399
Finland,2010,9.8 [8.1 - 11.4],9.83,8.145675729,11.35209434
Lithuania,2016,12.1 [10.2 - 13.8],12.06333333,10.17443988,13.77841501
Iceland,2000,6.3 [5.1 - 7.5],6.326666667,5.054275505,7.522021375
Georgia,2022,8.7 [7.1 - 10.2],8.66702231,7.149295119,10.15036284
Norway,2017,6.0 [4.9 - 7.2],6.016666667,4.850471548,7.219431893
Luxembourg,2012,11.7 [10.1 - 13.4],11.68166667,10.07662752,13.37993192
Kyrgyzstan,2004,6.1 [4.8 - 7.4],6.06,4.792875012,7.351870234
Ukraine,2005,6.8 [5.4 - 8.1],6.795427075,5.398714591,8.133225072
Georgia,2013,7.4 [6.0 - 8.7],7.361483414,6.019631654,8.665594857
Switzerland,2001,10.4 [8.7 - 12.0],10.39,8.677794748,11.99753801
Finland,2019,8.2 [6.8 - 9.7],8.24,6.818718105,9.680061067
North Macedonia,2011,3.7 [2.8 - 4.6],3.714887785,2.760625411,4.64671226
Uzbekistan,2018,2.6 [1.8 - 3.4],2.573333333,1.770005509,3.366142132
France,2010,12.4 [10.6 - 14.2],12.43333333,10.60439137,14.23826005
Türkiye,2000,1.5 [0.9 - 2.0],1.485854149,0.871658866,2.031755676
Georgia,2021,8.7 [7.1 - 10.2],8.66702231,7.149295119,10.15036284
Malta,2008,6.4 [5.1 - 7.6],6.440346386,5.144793146,7.634988302
Serbia,2012,9.1 [7.6 - 10.7],9.130852573,7.636366246,10.6656928
Iceland,2011,6.8 [5.6 - 8.2],6.813333333,5.564272727,8.183522694
Switzerland,2021,8.5 [7.1 - 10.1],8.546666667,7.100067785,10.10794892
Slovenia,2001,11.4 [9.7 - 13.2],11.42,9.673390547,13.20196763
Bosnia and Herzegovina,2007,4.6 [3.5 - 5.7],4.5914174,3.488039868,5.692695862
Israel,2022,2.6 [1.7 - 3.4],2.579043596,1.735716973,3.380624715
Luxembourg,2000,13.3 [11.4 - 15.0],13.27833333,11.41844373,15.00437471
Kazakhstan,2017,3.9 [2.8 - 4.9],3.856666667,2.818921685,4.885756867
Bulgaria,2004,9.6 [7.9 - 11.3],9.642723839,7.928245884,11.30126956
Cyprus,2009,6.2 [4.8 - 7.4],6.161459222,4.828280773,7.407935611
Hungary,2022,10.6 [9.0 - 12.0],10.55,9.032833746,12.03952604
Germany,2009,11.3 [9.6 - 12.9],11.29666667,9.551054856,12.94030252
Albania,2020,4.3 [3.3 - 5.3],4.274719413,3.285051888,5.332446282
Malta,2013,7.1 [5.8 - 8.5],7.126285469,5.825564455,8.464422323
Tajikistan,2007,0.7 [0.3 - 1.1],0.696151584,0.312067931,1.139966269
Greece,2017,6.7 [5.4 - 7.9],6.708676719,5.445478138,7.887135172
Romania,2018,10.7 [9.1 - 12.4],10.71,9.14732004,12.365331
Bosnia and Herzegovina,2000,3.5 [2.5 - 4.4],3.492754924,2.482025345,4.392053014
Norway,2003,6.1 [4.8 - 7.2],6.05,4.810320343,7.175723028
Poland,2013,10.5 [8.8 - 12.2],10.49,8.837387053,12.23614463
Armenia,2009,3.9 [2.9 - 4.9],3.928774609,2.883128211,4.930123218
Turkmenistan,2018,2.8 [1.9 - 3.7],2.816824287,1.946130096,3.687957933
Latvia,2018,12.9 [11.0 - 14.6],12.9,11.01354537,14.59884381
Montenegro,2022,7.3 [5.9 - 8.7],7.270128841,5.943899089,8.653718202
Belarus,2007,13.3 [11.4 - 15.1],13.25666667,11.36529351,15.05230108
Andorra,2005,12.4 [10.5 - 14.0],12.37,10.51136351,14.03983987
Germany,2021,10.5 [8.9 - 12.0],10.52666667,8.890701748,12.02496841
Republic of Moldova,2014,8.2 [6.8 - 9.7],8.229937013,6.808406742,9.690633606
Netherlands (Kingdom of the),2015,8.3 [6.9 - 9.8],8.313333333,6.890911314,9.795058165
Russian Federation,2019,7.3 [5.9 - 8.6],7.27,5.886928932,8.609328095
Austria,2012,12.0 [10.3 - 13.8],12.00666667,10.30152712,13.7749578
Andorra,2019,10.5 [8.9 - 12.2],10.52666667,8.929172194,12.20965013
Ireland,2022,10.2 [8.4 - 11.7],10.15,8.396947515,11.66265651
Lithuania,2007,13.6 [11.7 - 15.4],13.61,11.6661674,15.43116063
Portugal,2022,10.4 [8.8 - 12.0],10.39196854,8.77169469,12.02868286
Estonia,2021,12.1 [10.2 - 13.8],12.05666667,10.1984948,13.79582662
Portugal,2008,11.5 [9.9 - 13.2],11.50666667,9.853695194,13.22739056
Germany,2000,12.6 [10.8 - 14.5],12.56,10.76874665,14.47489026
Ireland,2004,13.5 [11.6 - 15.3],13.46,11.64974332,15.30762725
Finland,2002,9.2 [7.7 - 10.6],9.166666667,7.66660767,10.5837279
Albania,2018,4.3 [3.3 - 5.4],4.33767853,3.252097068,5.383681048
Bulgaria,2021,10.8 [9.2 - 12.4],10.7971544,9.179176638,12.42873978
Iceland,2021,7.9 [6.5 - 9.2],7.86,6.533374174,9.235298953
Luxembourg,2017,11.4 [9.6 - 13.1],11.40666667,9.583359508,13.09172595
Estonia,2017,13.2 [11.3 - 15.0],13.16666667,11.28276091,15.00363614
Armenia,2003,3.1 [2.1 - 3.9],3.06947282,2.142219001,3.92766417
Denmark,2020,9.5 [7.9 - 11.0],9.456666667,7.903819253,11.01239125
Belarus,2013,12.1 [10.3 - 14.0],12.14666667,10.26316835,13.98178444
Luxembourg,2018,11.3 [9.6 - 13.2],11.28,9.565591575,13.20229042
Sweden,2016,7.1 [5.8 - 8.4],7.106666667,5.828229046,8.419766315
Netherlands (Kingdom of the),2000,9.9 [8.3 - 11.6],9.906666667,8.310356506,11.61042498
Estonia,2012,17.0 [15.0 - 19.0],16.99333333,14.99461122,19.01650576
Croatia,2017,10.0 [8.5 - 11.6],10.03256964,8.477668102,11.59760739
Malta,2009,6.4 [5.0 - 7.7],6.371177772,5.026665899,7.66485209
Lithuania,2009,12.9 [11.0 - 14.7],12.89666667,10.97445152,14.73083478
Ireland,2005,13.4 [11.6 - 15.2],13.44,11.57678301,15.15163409
Armenia,2011,4.0 [3.0 - 5.0],3.98188151,2.989756626,4.980167308
Bosnia and Herzegovina,2004,3.9 [3.0 - 4.9],3.912875861,2.995051651,4.909504205
Bulgaria,2014,10.2 [8.6 - 11.8],10.19942675,8.600417764,11.83168935
Israel,2020,2.5 [1.7 - 3.3],2.513373835,1.711960308,3.260334611
Slovakia,2009,10.7 [9.1 - 12.4],10.74333333,9.084147687,12.38362088
Norway,2019,6.4 [5.1 - 7.7],6.433333333,5.113124347,7.67135475
Belarus,2012,13.2 [11.4 - 15.1],13.17333333,11.41403658,15.06623372
France,2000,14.0 [12.1 - 16.0],13.99666667,12.11140676,16.03419027
Tajikistan,2022,0.7 [0.3 - 1.1],0.72237897,0.311562072,1.137910001
Norway,2002,5.8 [4.5 - 7.1],5.806666667,4.539541159,7.068261743
Tajikistan,2016,0.9 [0.5 - 1.4],0.904522753,0.470843894,1.405077723
Uzbekistan,2015,2.5 [1.7 - 3.3],2.496666667,1.747203992,3.345678341
Spain,2018,10.7 [9.1 - 12.3],10.66333333,9.129437359,12.26498603
Finland,2012,9.4 [7.9 - 11.2],9.386666667,7.864707751,11.18299125
Belarus,2003,11.7 [9.9 - 13.4],11.67666667,9.910784821,13.37616718
Andorra,2008,11.5 [9.9 - 13.3],11.54,9.861035033,13.27723519
Republic of Moldova,2008,6.9 [5.5 - 8.2],6.856676735,5.453564008,8.198146354
Finland,2016,8.4 [7.0 - 9.9],8.436666667,6.984419807,9.875458126
Latvia,2009,10.5 [8.9 - 12.2],10.50666667,8.883351859,12.16004203
Russian Federation,2018,7.2 [5.8 - 8.6],7.24,5.81703815,8.614062799
North Macedonia,2018,4.0 [3.1 - 5.1],4.040140737,3.063673817,5.118315868
United Kingdom of Great Britain and Northern Ireland,2010,10.0 [8.5 - 11.7],10.02666667,8.51779331,11.74667412
Finland,2007,10.3 [8.7 - 11.9],10.28666667,8.684016192,11.87032026
Türkiye,2012,1.5 [0.9 - 2.2],1.523333333,0.876614616,2.176739758
Armenia,2007,3.8 [2.8 - 4.9],3.843596756,2.822171485,4.858730048
Ukraine,2007,8.3 [6.9 - 9.7],8.33,6.919353348,9.734719715
Latvia,2002,7.5 [6.0 - 8.8],7.453333333,5.990312899,8.820658215
Russian Federation,2015,8.2 [6.8 - 9.6],8.216666667,6.771706908,9.594593355
Sweden,2004,6.6 [5.3 - 8.0],6.64,5.293153662,7.984016454
Luxembourg,2020,10.7 [8.9 - 12.3],10.68666667,8.945522286,12.33816072
United Kingdom of Great Britain and Northern Ireland,2013,9.5 [7.9 - 11.2],9.536666667,7.94705832,11.16496346
Albania,2012,4.5 [3.4 - 5.5],4.477577167,3.398828284,5.525659534
Ireland,2002,14.0 [12.0 - 16.0],14.04666667,12.03344432,15.98365426
Armenia,2019,4.0 [3.0 - 5.0],4.049918177,3.008639671,5.048050826
Kazakhstan,2008,3.5 [2.6 - 4.4],3.486666667,2.598329943,4.391506977
Lithuania,2006,13.2 [11.2 - 15.0],13.16666667,11.24343446,15.03550456
Germany,2010,11.2 [9.5 - 13.0],11.23666667,9.536309224,13.02800753
Switzerland,2016,8.9 [7.3 - 10.4],8.873333333,7.346811311,10.38720207
Switzerland,2008,9.9 [8.3 - 11.6],9.886666667,8.298687538,11.58964492
Montenegro,2005,No data,,,
Azerbaijan,2001,0.3 [0.1 - 0.6],0.329708274,0.100453867,0.590440899
Austria,2013,12.1 [10.4 - 13.9],12.06666667,10.35693494,13.85789961
Armenia,2020,3.8 [2.8 - 4.8],3.827534232,2.837031655,4.83461316
Austria,2001,12.6 [10.8 - 14.5],12.62666667,10.75439188,14.52681144
Netherlands (Kingdom of the),2016,8.3 [6.9 - 9.8],8.276666667,6.909585575,9.753246276
Kazakhstan,2014,3.6 [2.6 - 4.6],3.57,2.610347495,4.556950369
Bosnia and Herzegovina,2022,5.2 [4.0 - 6.3],5.197321166,4.02872393,6.341441511
Georgia,2001,4.5 [3.4 - 5.6],4.52094951,3.44834566,5.617219965
Belarus,2002,11.2 [9.7 - 12.9],11.23,9.700973406,12.86009545
Andorra,2015,10.8 [9.2 - 12.4],10.79166667,9.208860576,12.36924814
Belgium,2015,10.1 [8.5 - 11.6],10.11666667,8.470935617,11.56992335
Sweden,2005,6.6 [5.3 - 7.9],6.616666667,5.301708527,7.880688719
Croatia,2020,10.2 [8.6 - 11.8],10.184162,8.575923776,11.81991897
Norway,2001,5.7 [4.5 - 7.0],5.683333333,4.450258299,6.95618422
Tajikistan,2017,0.9 [0.5 - 1.4],0.881319961,0.468792741,1.36653003
Iceland,2003,6.6 [5.2 - 8.0],6.58,5.211689119,7.972463138
Denmark,2001,11.5 [9.9 - 13.3],11.51,9.856080513,13.33997398
Azerbaijan,2013,0.5 [0.2 - 0.8],0.463333333,0.157585396,0.813656032
Germany,2020,10.6 [9.0 - 12.2],10.57666667,9.000586775,12.18985766
Belarus,2021,10.8 [9.1 - 12.5],10.77333333,9.138768988,12.46785238
North Macedonia,2006,3.9 [2.9 - 4.9],3.94219611,2.90387249,4.910463591
Georgia,2004,5.1 [3.8 - 6.2],5.139487722,3.780580891,6.204088554
Russian Federation,2008,11.6 [9.9 - 13.3],11.57,9.891143747,13.33330387
Malta,2001,6.4 [5.2 - 7.7],6.415153606,5.163633499,7.731148511
France,2015,11.9 [10.1 - 13.6],11.86,10.08473814,13.64341331
Sweden,2008,7.1 [5.8 - 8.5],7.103333333,5.830740458,8.463572587
Poland,2009,10.3 [8.8 - 11.9],10.33333333,8.77949184,11.94933843
Armenia,2013,4.0 [3.0 - 4.9],4.00497412,2.970901219,4.945143502
Hungary,2003,13.3 [11.4 - 15.0],13.26333333,11.40444182,15.03018937
Hungary,2012,11.1 [9.4 - 12.7],11.05666667,9.412408928,12.66027535
Iceland,2004,6.7 [5.4 - 8.0],6.743333333,5.418430812,7.993029668
Serbia,2010,9.2 [7.7 - 10.6],9.2068172,7.728057408,10.64562747
Bosnia and Herzegovina,2009,4.6 [3.4 - 5.7],4.578468941,3.421021512,5.730687768
Sweden,2019,7.3 [5.9 - 8.6],7.263333333,5.922058218,8.617175146
Croatia,2011,10.6 [8.9 - 12.1],10.58720723,8.881265511,12.14834283
Romania,2011,9.8 [8.2 - 11.4],9.76,8.152524718,11.41093151
Romania,2002,12.2 [10.6 - 13.9],12.24333333,10.56461555,13.9434226
Russian Federation,2003,10.9 [9.3 - 12.6],10.93333333,9.341011403,12.57050178
Latvia,2012,10.2 [8.6 - 11.9],10.24666667,8.600851391,11.90771099
Cyprus,2017,5.8 [4.5 - 7.0],5.751208006,4.53131224,6.950153156
Uzbekistan,2012,1.9 [1.2 - 2.6],1.87,1.161442647,2.5665389
Greece,2000,8.3 [6.9 - 9.7],8.268550639,6.852623345,9.717793734
Czechia,2010,12.9 [11.2 - 15.0],12.94666667,11.22331426,14.95975394
Latvia,2019,12.9 [11.1 - 14.7],12.91,11.07060122,14.72597916
Kazakhstan,2016,3.6 [2.7 - 4.6],3.58,2.667677611,4.597543475
Montenegro,2006,10.4 [8.9 - 12.1],10.41562515,8.906611872,12.11547879
Estonia,2015,16.5 [14.3 - 18.5],16.54,14.30544657,18.50246228
Romania,2005,10.4 [8.7 - 12.2],10.44,8.74018329,12.1790091
Uzbekistan,2016,2.6 [1.8 - 3.4],2.6,1.809536565,3.408445582
Belgium,2018,9.2 [7.7 - 10.6],9.226666667,7.739396676,10.63471447
Slovakia,2013,10.1 [8.4 - 11.6],10.11666667,8.447387099,11.62232788
Russian Federation,2010,10.8 [9.2 - 12.4],10.84666667,9.177557119,12.44140862
Iceland,2017,7.6 [6.3 - 9.2],7.646666667,6.31066889,9.198043758
Switzerland,2000,10.4 [8.7 - 12.0],10.39,8.677794748,11.99753801
Cyprus,2012,5.6 [4.5 - 6.8],5.649915719,4.510510953,6.83954576
Italy,2016,7.3 [6.0 - 8.6],7.276666667,5.981343104,8.603300608
Poland,2017,10.6 [8.9 - 12.2],10.56,8.941575999,12.20541598
Latvia,2022,12.6 [10.9 - 14.4],12.57666667,10.93091428,14.40579001
Italy,2000,9.6 [8.1 - 11.1],9.566666667,8.052828839,11.11372568
Israel,2018,2.6 [1.8 - 3.4],2.566713978,1.768375275,3.35732679
Montenegro,2004,10.3 [8.6 - 11.9],10.2666584,8.635031665,11.92077208
Switzerland,2014,9.2 [7.5 - 10.6],9.156666667,7.53094048,10.61131219
Tajikistan,2003,0.8 [0.4 - 1.2],0.781232629,0.362931446,1.199274133
Albania,2011,4.7 [3.6 - 5.8],4.716124941,3.628392449,5.793731511
Israel,2000,2.2 [1.4 - 2.9],2.225936576,1.435420861,2.949051999
Latvia,2006,10.8 [9.1 - 12.5],10.81333333,9.115306571,12.50928638
Greece,2016,6.8 [5.5 - 8.1],6.752224329,5.475789565,8.063046427
Republic of Moldova,2011,7.8 [6.4 - 9.1],7.751100931,6.399351609,9.084052446
Poland,2005,9.3 [7.8 - 10.9],9.323333333,7.845403782,10.85958798
Latvia,2001,7.1 [5.8 - 8.4],7.083333333,5.79394946,8.418529081
Spain,2010,9.2 [7.6 - 10.8],9.226666667,7.603585588,10.79623522
Switzerland,2012,9.4 [7.8 - 11.0],9.426666667,7.818144509,11.01908809
Tajikistan,2006,0.7 [0.4 - 1.2],0.736620522,0.353402602,1.181058003
Andorra,2003,12.2 [10.3 - 13.9],12.21666667,10.29963522,13.94471734
Israel,2015,2.5 [1.7 - 3.3],2.482473614,1.695154647,3.28759783
Norway,2005,6.4 [5.1 - 7.6],6.353333333,5.110564827,7.609962397
Bosnia and Herzegovina,2010,4.6 [3.5 - 5.6],4.551658713,3.467309826,5.644619837
Uzbekistan,2020,2.2 [1.4 - 2.9],2.166698024,1.421682499,2.903188567
Italy,2010,6.8 [5.5 - 8.0],6.776666667,5.496056426,8.035837994
Netherlands (Kingdom of the),2004,9.5 [8.0 - 11.1],9.52,7.952025101,11.05394379
Andorra,2010,10.8 [9.1 - 12.5],10.83,9.123960566,12.4777962
North Macedonia,2014,3.9 [2.9 - 5.0],3.922942771,2.943983645,4.9579806
Czechia,2017,13.0 [11.4 - 14.9],13.00666667,11.37468973,14.86028627
Republic of Moldova,2016,8.0 [6.6 - 9.4],7.955077512,6.576114472,9.396735933
Hungary,2018,11.0 [9.3 - 12.6],11.01666667,9.311615355,12.58685483
Netherlands (Kingdom of the),2018,8.3 [6.7 - 9.8],8.286666667,6.736995918,9.770697917
Israel,2011,2.7 [1.8 - 3.5],2.669362327,1.763747776,3.481391876
Türkiye,2007,1.4 [0.8 - 2.0],1.373333333,0.781351684,1.954286167
Luxembourg,2005,12.4 [10.7 - 14.2],12.41,10.68093767,14.18056153
North Macedonia,2022,4.7 [3.6 - 5.8],4.735339086,3.637543334,5.802371537
Ukraine,2012,8.7 [7.2 - 10.2],8.713333333,7.2353597,10.20054524
Germany,2007,11.5 [9.7 - 13.2],11.52666667,9.697239009,13.19136715
Armenia,2005,3.7 [2.8 - 4.6],3.707316393,2.757883506,4.612315218
Croatia,2018,10.2 [8.6 - 11.8],10.2139984,8.616941818,11.83933806
United Kingdom of Great Britain and Northern Ireland,2017,9.9 [8.3 - 11.5],9.906666667,8.251166716,11.47073558
Norway,2016,6.0 [4.8 - 7.2],6.0,4.7767308,7.197161744
Bulgaria,2020,10.7 [9.0 - 12.4],10.67997904,8.958296898,12.35261545
Armenia,2016,4.0 [3.0 - 5.0],4.038547584,3.035801533,4.997578201
Belarus,2015,10.0 [8.4 - 11.6],10.00333333,8.366468278,11.61600323
Georgia,2009,6.4 [5.1 - 7.6],6.393849508,5.054354706,7.634817288
Hungary,2001,12.9 [11.2 - 14.8],12.89666667,11.19480197,14.80894438
Portugal,2014,10.0 [8.3 - 11.5],10.02,8.294144541,11.53354329
Latvia,2000,7.1 [5.8 - 8.4],7.083333333,5.79394946,8.418529081
Bulgaria,2003,9.5 [7.9 - 11.0],9.520875233,7.889880569,11.01614191
Republic of Moldova,2004,8.8 [7.4 - 10.4],8.841822936,7.401779817,10.38536428
Estonia,2011,16.1 [14.1 - 18.0],16.06666667,14.0910588,17.99379411
Slovakia,2014,10.2 [8.5 - 11.8],10.15333333,8.488539016,11.83259373
Albania,2005,4.5 [3.5 - 5.6],4.549919813,3.481704227,5.561018617
Kyrgyzstan,2017,5.0 [3.8 - 6.1],5.013333333,3.836023395,6.141514839
Georgia,2008,6.0 [4.8 - 7.1],5.9612608,4.787154127,7.111645638
France,2013,12.0 [10.1 - 13.6],11.95,10.11247614,13.61163495
Ireland,2011,11.6 [10.0 - 13.4],11.64,10.01988527,13.38462369
Norway,2000,5.7 [4.5 - 7.0],5.683333333,4.450258299,6.95618422
Portugal,2019,9.9 [8.5 - 11.4],9.947922933,8.451486211,11.4448566
Albania,2019,4.2 [3.2 - 5.3],4.216621309,3.232591892,5.322831976
Armenia,2002,2.8 [2.0 - 3.7],2.823925364,2.025253706,3.656849289
Malta,2007,6.2 [5.0 - 7.5],6.228756747,4.996787447,7.454547515
Azerbaijan,2000,0.3 [0.1 - 0.6],0.329708274,0.100453867,0.590440899
Romania,2000,11.4 [9.8 - 13.1],11.4,9.756798832,13.0822654
Malta,2015,7.5 [6.0 - 8.9],7.470256499,6.032341716,8.888276091
Belarus,2004,11.4 [9.8 - 13.0],11.35,9.767293881,12.99397465
Netherlands (Kingdom of the),2017,8.3 [6.9 - 9.7],8.293333333,6.861369834,9.723979513
Azerbaijan,2019,1.2 [0.7 - 1.7],1.2,0.701533417,1.747097085
Finland,2005,10.0 [8.3 - 11.5],10.0,8.322383428,11.51841675
United Kingdom of Great Britain and Northern Ireland,2021,10.1 [8.5 - 11.7],10.10666667,8.521133554,11.69854905
Malta,2003,5.4 [4.1 - 6.5],5.426328409,4.096509035,6.535593113
Denmark,2005,11.1 [9.4 - 12.8],11.12333333,9.40784631,12.80117767
Ukraine,2002,6.7 [5.4 - 8.0],6.697587013,5.444731097,7.986756155
Denmark,2003,11.4 [9.7 - 13.1],11.35333333,9.738479326,13.05685769
Norway,2020,6.9 [5.5 - 8.2],6.906666667,5.536153089,8.190750284
Bosnia and Herzegovina,2016,5.1 [3.9 - 6.3],5.092498808,3.865521565,6.274299561
Austria,2021,11.4 [9.6 - 13.0],11.36666667,9.647922336,12.96358277
Luxembourg,2013,11.6 [10.0 - 13.4],11.62333333,9.959390676,13.37302519
Montenegro,2011,9.6 [8.0 - 11.2],9.57553459,7.996832331,11.16865548
Iceland,2020,7.7 [6.3 - 9.1],7.683333333,6.335599412,9.117696722
Israel,2014,2.6 [1.7 - 3.4],2.554488255,1.729344206,3.353844233
Bulgaria,2018,10.9 [9.2 - 12.6],10.85548243,9.205905296,12.56468303
Germany,2017,11.2 [9.5 - 12.7],11.15,9.481905865,12.73918287
Bulgaria,2019,10.7 [9.1 - 12.4],10.73367821,9.103415411,12.38747472
Lithuania,2018,10.7 [9.1 - 12.4],10.68,9.091404947,12.36878651
Azerbaijan,2022,1.2 [0.7 - 1.8],1.246666667,0.729284525,1.796606768
Montenegro,2014,8.7 [7.1 - 10.2],8.662230978,7.077629575,10.15691947
Malta,2017,7.9 [6.6 - 9.3],7.878750903,6.592191367,9.313135206
Czechia,2002,13.8 [11.9 - 15.7],13.82333333,11.93584719,15.7296835
Cyprus,2005,6.4 [5.0 - 7.7],6.41247657,5.039954512,7.703309105
Bosnia and Herzegovina,2018,5.3 [4.2 - 6.4],5.261952203,4.150199365,6.38779669
France,2021,10.6 [9.0 - 12.3],10.57,9.020705933,12.26260095
Greece,2011,7.6 [6.2 - 9.0],7.62495425,6.20179328,8.991321818
Hungary,2000,12.9 [11.2 - 14.8],12.89666667,11.19480197,14.80894438
Poland,2006,9.7 [8.2 - 11.3],9.713333333,8.185629664,11.25445597
Türkiye,2010,1.5 [0.9 - 2.1],1.536666667,0.917729322,2.147022978
Czechia,2018,13.1 [11.3 - 14.8],13.06666667,11.32250863,14.84381592
Austria,2019,11.5 [9.8 - 13.2],11.45333333,9.771255399,13.24162641
Romania,2007,11.1 [9.4 - 12.9],11.12666667,9.407550009,12.87455966
Romania,2019,10.8 [9.2 - 12.4],10.76666667,9.187744659,12.41156386
Austria,2014,11.7 [10.0 - 13.4],11.71,9.961804698,13.43561068
Croatia,2008,11.1 [9.6 - 12.9],11.14027342,9.55761941,12.86126528
Hungary,2011,11.0 [9.4 - 12.6],11.04333333,9.389360465,12.62470506
Hungary,2015,11.1 [9.4 - 12.7],11.05666667,9.432181674,12.65434818
Ireland,2013,11.0 [9.3 - 12.6],10.98,9.294064382,12.57896947
Bulgaria,2015,10.3 [8.7 - 11.9],10.29851402,8.721313633,11.86195447
Cyprus,2011,5.9 [4.6 - 7.2],5.89701335,4.644205689,7.214510126
Tajikistan,2015,0.9 [0.4 - 1.4],0.892622688,0.448282406,1.375101389
Romania,2021,11.2 [9.5 - 12.9],11.16333333,9.466199043,12.90599691
Greece,2019,6.3 [5.0 - 7.5],6.316301689,5.005747309,7.488783492
Bulgaria,2009,10.3 [8.6 - 11.8],10.25451629,8.592793886,11.78143076
Uzbekistan,2014,2.3 [1.6 - 3.2],2.343333333,1.596568014,3.177242568
Portugal,2021,10.4 [8.8 - 12.0],10.39196854,8.77169469,12.02868286
Belarus,2010,13.9 [12.1 - 15.7],13.87666667,12.05558175,15.71758697
Belgium,2013,10.3 [8.7 - 11.9],10.33,8.719573655,11.93433466
Germany,2016,11.2 [9.4 - 12.7],11.15,9.415588393,12.742839
Czechia,2013,12.8 [11.1 - 14.6],12.79,11.05935144,14.57505441
Romania,2022,11.2 [9.5 - 12.9],11.16333333,9.466199043,12.90599691
Azerbaijan,2006,0.5 [0.2 - 0.8],0.479099396,0.157860163,0.840153406
Azerbaijan,2014,0.5 [0.2 - 0.8],0.46,0.162360912,0.803015868
Türkiye,2003,1.4 [0.9 - 2.0],1.446387658,0.865076938,2.000524225
United Kingdom of Great Britain and Northern Ireland,2015,9.6 [8.1 - 11.3],9.63,8.111330552,11.25062761
Czechia,2001,13.8 [12.0 - 15.7],13.83,11.98483526,15.68232733
Kazakhstan,2022,4.5 [3.4 - 5.5],4.503333333,3.429405631,5.500513318
Poland,2021,10.8 [9.1 - 12.3],10.75666667,9.061916085,12.32583189
Malta,2000,6.4 [5.2 - 7.7],6.415153606,5.163633499,7.731148511
Belgium,2021,8.1 [6.6 - 9.5],8.090245698,6.604014293,9.53921465
Poland,2020,10.9 [9.4 - 12.6],10.92333333,9.401787494,12.59348715
Iceland,2009,7.1 [5.7 - 8.5],7.093333333,5.722846601,8.456676517
Cyprus,2010,6.0 [4.7 - 7.2],5.978874668,4.693778496,7.235698347
Austria,2006,12.4 [10.6 - 14.2],12.42666667,10.64294088,14.19647838
Ireland,2000,14.3 [12.4 - 16.2],14.3,12.38008071,16.18822737
Belarus,2016,9.5 [8.0 - 11.0],9.506666667,8.005891244,11.02702264
Kyrgyzstan,2015,5.8 [4.5 - 6.9],5.753333333,4.538568649,6.921703134
North Macedonia,2003,3.9 [2.9 - 4.9],3.919153082,2.899844212,4.948766057
Czechia,2011,12.8 [11.0 - 14.7],12.75666667,11.01178822,14.65445553
Poland,2015,10.5 [8.8 - 12.1],10.46,8.806076261,12.07762974
Belgium,2001,11.5 [9.7 - 13.3],11.49468642,9.661364965,13.28778444
United Kingdom of Great Britain and Northern Ireland,2022,10.1 [8.5 - 11.7],10.10666667,8.521133554,11.69854905
Czechia,2007,13.7 [11.7 - 15.6],13.7,11.70239108,15.59711645
Tajikistan,2021,0.7 [0.3 - 1.1],0.72237897,0.311562072,1.137910001
Albania,2002,4.1 [3.1 - 5.1],4.105752242,3.129902182,5.085363238
Germany,2005,11.8 [10.0 - 13.5],11.78,10.04821006,13.49484125
Norway,2006,6.5 [5.2 - 7.8],6.48,5.174598784,7.774011937
Ukraine,2001,6.8 [5.4 - 8.1],6.795881072,5.417918582,8.119414607
Kyrgyzstan,2006,6.2 [4.9 - 7.2],6.166666667,4.916082654,7.243348255
Slovenia,2015,11.0 [9.3 - 12.7],10.96666667,9.326196864,12.66069373
Denmark,2002,11.5 [9.9 - 13.2],11.45666667,9.864691631,13.16945901
Lithuania,2014,14.2 [12.5 - 16.3],14.21666667,12.46361476,16.27040479
Luxembourg,2016,11.5 [9.6 - 13.2],11.45833333,9.608623406,13.1630338
Italy,2019,7.8 [6.4 - 9.2],7.816666667,6.392188962,9.186278672
Andorra,2022,10.4 [8.8 - 12.0],10.42666667,8.773444549,12.04643769
Iceland,2006,7.3 [5.8 - 8.7],7.25,5.82537153,8.659323482
Poland,2003,8.8 [7.2 - 10.2],8.756666667,7.174194625,10.24853113
Tajikistan,2005,0.7 [0.3 - 1.2],0.749190133,0.344100928,1.170231954
Israel,2006,2.3 [1.5 - 3.0],2.30071248,1.548675485,3.048588522
Albania,2003,4.2 [3.1 - 5.1],4.165682049,3.119478794,5.116455463
Israel,2009,2.6 [1.8 - 3.3],2.555085238,1.790624967,3.349469783
Russian Federation,2013,9.7 [8.1 - 11.3],9.73,8.123446114,11.27714601
Slovenia,2014,10.7 [9.1 - 12.3],10.66666667,9.144470766,12.29978131
Switzerland,2018,8.7 [7.2 - 10.3],8.653333333,7.167178678,10.28067439
Estonia,2019,11.3 [9.6 - 12.9],11.25666667,9.572373737,12.91477462
Iceland,2013,6.9 [5.5 - 8.1],6.866666667,5.479869546,8.140938865
Portugal,2006,11.8 [10.1 - 13.5],11.77666667,10.14931087,13.48630626
Slovenia,2010,10.5 [8.7 - 12.1],10.53333333,8.728382776,12.10333378
Finland,2001,9.0 [7.6 - 10.4],9.023333333,7.551498503,10.41580175
Azerbaijan,2011,0.7 [0.3 - 1.1],0.696666667,0.295569134,1.121055882
Hungary,2014,10.9 [9.2 - 12.5],10.86,9.172251562,12.46482454
Portugal,2016,10.2 [8.6 - 11.8],10.15499166,8.645375068,11.76455723
Lithuania,2017,11.3 [9.5 - 13.0],11.25,9.499448742,12.98566977
Denmark,2010,10.2 [8.6 - 11.8],10.20666667,8.628896207,11.80952307
Norway,2015,6.0 [4.9 - 7.2],6.02,4.852971731,7.220664497
Albania,2007,5.0 [3.9 - 6.1],4.997283633,3.871132608,6.13427271
Slovakia,2007,10.8 [9.1 - 12.4],10.76333333,9.140107645,12.38149402
Uzbekistan,2021,1.9 [1.2 - 2.6],1.94158899,1.245452625,2.609013183
Slovenia,2002,11.0 [9.3 - 12.6],11.00333333,9.301845584,12.59717622
Austria,2000,12.6 [10.8 - 14.5],12.62666667,10.75439188,14.52681144
Kyrgyzstan,2009,5.9 [4.7 - 7.1],5.873333333,4.683298276,7.056515649
Andorra,2006,12.3 [10.5 - 14.0],12.28333333,10.45086091,13.98526711
Finland,2013,9.0 [7.5 - 10.5],9.033333333,7.520149755,10.53452779
Germany,2022,10.5 [8.9 - 12.0],10.52666667,8.890701748,12.02496841
France,2011,12.3 [10.6 - 14.0],12.31333333,10.55092472,13.9771092199999
France,2014,11.8 [10.0 - 13.5],11.82666667,10.00027042,13.52704325
Lithuania,2012,14.9 [13.1 - 16.9],14.9,13.05694052,16.85429325
Kyrgyzstan,2016,5.3 [4.2 - 6.5],5.323333333,4.160658895,6.452963269
Andorra,2018,11.1 [9.4 - 12.8],11.11333333,9.408405505,12.75157973
Portugal,2002,12.5 [10.6 - 14.1],12.45,10.57935192,14.13468939
Greece,2013,7.4 [6.1 - 8.7],7.413951941,6.085756206,8.734643037
Croatia,2001,10.9 [9.2 - 12.7],10.94916198,9.195008126,12.65368013
Bosnia and Herzegovina,2019,5.1 [4.0 - 6.1],5.082874861,4.001581206,6.101017212
Switzerland,2009,9.8 [8.3 - 11.4],9.78,8.345279117,11.39709596
Denmark,2008,10.5 [8.8 - 12.2],10.52666667,8.829133993,12.20583352
Andorra,2013,10.1 [8.5 - 11.7],10.14333333,8.471263942,11.66505229
Slovenia,2012,10.4 [8.8 - 12.0],10.4,8.79792515,11.95253459
North Macedonia,2020,4.7 [3.8 - 5.9],4.74126477,3.761099024,5.877455728
Italy,2003,9.2 [7.7 - 10.8],9.173333333,7.680795801,10.78112416
Bulgaria,2022,10.8 [9.2 - 12.4],10.7971544,9.179176638,12.42873978
France,2019,11.1 [9.5 - 12.8],11.13,9.474486301,12.78713142
Montenegro,2020,7.6 [6.1 - 9.0],7.617320064,6.136475011,8.976859566
Cyprus,2001,6.8 [5.5 - 8.0],6.758283854,5.453927807,8.007000944
Norway,2004,6.2 [5.0 - 7.4],6.21,4.99759633,7.399896272
Denmark,2007,10.8 [9.1 - 12.6],10.82333333,9.083872479,12.62851556
Slovakia,2010,10.4 [8.7 - 12.0],10.37333333,8.722823897,12.04832226
Republic of Moldova,2019,9.1 [7.6 - 10.5],9.053914402,7.56727776,10.54205134
Greece,2010,7.9 [6.6 - 9.3],7.927726089,6.552722853,9.304555553
Austria,2011,12.1 [10.3 - 13.8],12.10666667,10.30189041,13.81734687
Uzbekistan,2000,1.4 [0.8 - 1.9],1.353299,0.779573258,1.941021566
Switzerland,2011,9.5 [8.0 - 11.1],9.526666667,8.00567463,11.11074624
Latvia,2004,9.0 [7.4 - 10.4],8.986666667,7.447765571,10.41298941
Malta,2014,7.3 [6.0 - 8.7],7.2551626,5.981259942,8.688920627
Croatia,2004,11.0 [9.4 - 12.5],10.98450433,9.43780729,12.53212591
Greece,2005,8.2 [6.8 - 9.7],8.218930101,6.840498831,9.657737075
Italy,2014,7.4 [6.0 - 8.7],7.353333333,5.972537685,8.704166992
United Kingdom of Great Britain and Northern Ireland,2001,11.2 [9.4 - 12.9],11.17666667,9.429241153,12.85151038
Malta,2021,5.8 [4.6 - 7.0],5.802026643,4.596811321,7.00407135
Malta,2019,6.8 [5.6 - 8.2],6.845155411,5.612657527,8.151094226
Netherlands (Kingdom of the),2009,9.2 [7.6 - 10.8],9.23,7.586192744,10.77257341
Bosnia and Herzegovina,2015,4.8 [3.7 - 6.0],4.836177874,3.67056436,6.029029796
Tajikistan,2012,0.7 [0.3 - 1.2],0.739079093,0.323518143,1.177842971
Kazakhstan,2019,4.0 [3.0 - 5.0],3.97,2.977163433,4.958233427
Uzbekistan,2007,1.7 [1.0 - 2.4],1.710279443,1.03562485,2.37150175
Switzerland,2003,10.3 [8.7 - 12.0],10.32666667,8.652086735,11.98249688
Albania,2015,4.2 [3.2 - 5.2],4.205951254,3.192573521,5.218405136
Bosnia and Herzegovina,2002,3.6 [2.6 - 4.5],3.57851701,2.593816324,4.512489616
Austria,2017,11.4 [9.6 - 13.2],11.41,9.628688127,13.18562803
Italy,2008,6.8 [5.5 - 8.1],6.81,5.524353668,8.114965004
Austria,2020,11.4 [9.8 - 13.0],11.41,9.772017453,13.02367587
Ukraine,2017,5.5 [4.3 - 6.6],5.5,4.283687329,6.556164576
Slovakia,2015,10.2 [8.5 - 11.9],10.15333333,8.463820279,11.86563751
Estonia,2004,14.6 [12.7 - 16.4],14.58,12.68661065,16.38402289
Latvia,2013,10.4 [8.8 - 12.1],10.41,8.777827296,12.07216763
Netherlands (Kingdom of the),2013,8.7 [7.3 - 10.1],8.673333333,7.252270381,10.09793211
Kazakhstan,2009,3.5 [2.5 - 4.4],3.466666667,2.52515117,4.398570013
Georgia,2015,7.4 [6.0 - 8.8],7.386898765,6.024958352,8.809534156
Republic of Moldova,2002,6.8 [5.4 - 8.0],6.783009963,5.440774825,8.023648824
Netherlands (Kingdom of the),2006,9.5 [7.9 - 11.1],9.496666667,7.898339177,11.0527219
Slovenia,2003,10.5 [8.8 - 12.0],10.47333333,8.762683012,12.03558775
Russian Federation,2009,11.2 [9.6 - 12.9],11.19333333,9.564099467,12.94954838
Uzbekistan,2011,1.8 [1.1 - 2.5],1.803333333,1.109431367,2.458418313
Hungary,2008,11.9 [10.2 - 13.7],11.91333333,10.22778293,13.68882679
Norway,2008,6.7 [5.4 - 8.0],6.676666667,5.410175736,8.024404323
Montenegro,2008,10.4 [8.7 - 12.1],10.44183347,8.703801449,12.13910385
Bosnia and Herzegovina,2006,4.4 [3.4 - 5.5],4.397682767,3.367573292,5.533885448
Czechia,2003,13.7 [11.8 - 15.7],13.74,11.83633135,15.73962882
Netherlands (Kingdom of the),2003,9.6 [8.0 - 11.1],9.6,7.991078592,11.11710883
Turkmenistan,2021,2.9 [2.0 - 3.7],2.86136225,2.024677327,3.741852341
Lithuania,2022,11.4 [9.7 - 13.1],11.38333333,9.721134532,13.06482804
Spain,2005,11.7 [10.0 - 13.4],11.7,9.95802178,13.44959401
Austria,2015,11.6 [10.0 - 13.3],11.55333333,9.986307106,13.25261535
Romania,2010,10.2 [8.7 - 11.9],10.20333333,8.740308758,11.8907486
Russian Federation,2007,11.8 [10.0 - 13.6],11.77,10.00166688,13.60333556
Türkiye,2018,1.4 [0.8 - 2.0],1.406666667,0.814312111,2.013715966
Kyrgyzstan,2019,4.0 [3.0 - 5.0],4.02,2.952749592,4.998747764
United Kingdom of Great Britain and Northern Ireland,2005,11.3 [9.6 - 13.0],11.29666667,9.559120501,12.99079148
Hungary,2007,12.5 [10.7 - 14.3],12.49,10.69813256,14.27739526
France,2018,11.6 [9.8 - 13.3],11.56333333,9.815590606,13.2771173
Ireland,2015,10.9 [9.2 - 12.5],10.91,9.186478171,12.53337956
Azerbaijan,2012,0.5 [0.2 - 0.9],0.543333333,0.188556134,0.912616806
Republic of Moldova,2006,8.3 [6.9 - 9.7],8.266514952,6.882065154,9.701203824
Russian Federation,2022,7.3 [6.0 - 8.6],7.32,6.019809161,8.625571574
Estonia,2005,16.7 [14.5 - 18.8],16.65666667,14.52568197,18.8193338
United Kingdom of Great Britain and Northern Ireland,2020,10.0 [8.3 - 11.6],10.02333333,8.32163682,11.61554534
North Macedonia,2002,3.9 [2.9 - 5.0],3.917019029,2.873785635,5.000648172
Croatia,2016,10.0 [8.4 - 11.8],10.00274294,8.434182599,11.75233666
Iceland,2012,6.8 [5.5 - 8.2],6.813333333,5.49518156,8.201868964
Armenia,2018,4.2 [3.2 - 5.2],4.218731873,3.212091106,5.227671901
Kazakhstan,2010,3.5 [2.5 - 4.4],3.46,2.508915027,4.383849462
Romania,2012,9.6 [8.0 - 11.3],9.646666667,8.034629201,11.2542631
Ireland,2012,11.3 [9.5 - 13.0],11.26,9.506566308,12.99608931
Croatia,2002,11.0 [9.3 - 12.8],11.02754527,9.295564475,12.80477793
Iceland,2002,6.5 [5.2 - 7.7],6.45,5.169445014,7.74584932
Israel,2007,2.4 [1.6 - 3.2],2.35560393,1.649820482,3.170732154
Italy,2021,7.9 [6.5 - 9.4],7.91,6.491534628,9.361175063
Türkiye,2016,1.4 [0.8 - 1.9],1.376666667,0.790793958,1.940295808
Iceland,2016,7.6 [6.2 - 9.1],7.623333333,6.245546574,9.063138939
Kazakhstan,2013,3.7 [2.7 - 4.7],3.67,2.708679365,4.654858381
Türkiye,2017,1.4 [0.8 - 2.0],1.41,0.822949485,2.003587708
Iceland,2007,7.3 [6.0 - 8.6],7.326666667,5.975807724,8.626159651
Portugal,2013,9.8 [8.2 - 11.5],9.83,8.226345397,11.48601755
Kazakhstan,2000,2.9 [2.1 - 3.8],2.938017509,2.115535361,3.807009867
United Kingdom of Great Britain and Northern Ireland,2016,9.8 [8.1 - 11.4],9.773333333,8.130919531,11.38062803
Estonia,2014,17.3 [15.1 - 19.4],17.25333333,15.07781818,19.40196683
Czechia,2014,12.8 [11.0 - 14.6],12.77666667,11.03653454,14.64120718
Albania,2021,4.4 [3.3 - 5.5],4.356262444,3.304244556,5.45177908
France,2006,13.0 [11.1 - 14.7],12.95666667,11.09406095,14.6772408
Montenegro,2010,9.6 [8.0 - 11.2],9.595693982,8.005930742,11.17205458
Iceland,2010,7.0 [5.6 - 8.3],6.96,5.632327399,8.348747243
Serbia,2001,8.8 [7.4 - 10.3],8.809469915,7.364772376,10.25747668
Turkmenistan,2006,2.9 [2.0 - 3.8],2.913576075,1.992877288,3.817046912
Uzbekistan,2005,1.6 [1.0 - 2.2],1.606865661,0.989499795,2.210376904
Italy,2006,7.3 [6.0 - 8.6],7.283333333,6.040567794,8.647060158
Belarus,2020,10.6 [9.0 - 12.4],10.61666667,8.961948144,12.4124634
Norway,2014,6.1 [4.8 - 7.3],6.08,4.796996858,7.289192934
Cyprus,2021,4.7 [3.6 - 5.7],4.675140199,3.638455435,5.71060324
Poland,2018,10.7 [9.2 - 12.3],10.74,9.220591768,12.31986518
Republic of Moldova,2009,6.6 [5.4 - 7.9],6.624374914,5.354409191,7.945545896
Cyprus,2022,4.7 [3.6 - 5.7],4.675140199,3.638455435,5.71060324
Germany,2002,12.2 [10.5 - 14.0],12.23,10.51365747,14.04218235
Sweden,2011,7.3 [6.0 - 8.7],7.306666667,5.967240259,8.736866296
Switzerland,2002,10.5 [8.8 - 12.1],10.49666667,8.82380594,12.07426385
Türkiye,2013,1.5 [0.9 - 2.1],1.493333333,0.887798691,2.138153197
Bosnia and Herzegovina,2008,4.6 [3.6 - 5.7],4.630470054,3.573782697,5.745845305
Georgia,2016,7.2 [5.9 - 8.5],7.180439723,5.867946433,8.450478866
Slovakia,2000,10.9 [9.2 - 12.5],10.87,9.165694707,12.46219801
Georgia,2012,7.5 [6.0 - 8.8],7.462196014,6.001642906,8.775957307
Austria,2018,11.5 [9.7 - 13.3],11.49333333,9.7483772,13.28908294
Portugal,2001,12.6 [10.9 - 14.4],12.63,10.86237471,14.38730826
Cyprus,2015,5.4 [4.3 - 6.6],5.39577049,4.334771335,6.647388216
France,2012,12.1 [10.4 - 13.8],12.08333333,10.40361958,13.84280143
Spain,2009,9.7 [8.0 - 11.3],9.723333333,7.95970402,11.26464928
Belgium,2019,8.9 [7.5 - 10.5],8.93,7.460324217,10.47320073
Croatia,2014,10.2 [8.6 - 11.8],10.19499574,8.619017177,11.80304657
North Macedonia,2005,3.9 [2.9 - 4.8],3.905063387,2.908021224,4.836831975
Switzerland,2015,9.0 [7.5 - 10.5],8.986666667,7.451816321,10.50519784
Italy,2022,7.9 [6.5 - 9.4],7.91,6.491534628,9.361175063
Bulgaria,2000,9.2 [7.7 - 10.6],9.17409352,7.725028538,10.57675277
Kyrgyzstan,2022,3.5 [2.6 - 4.4],3.503333333,2.55381619,4.376954876
Bulgaria,2008,10.3 [8.5 - 11.9],10.30473104,8.528314866,11.93905906
Turkmenistan,2019,2.8 [1.9 - 3.6],2.781004173,1.907283979,3.6113309
Italy,2002,9.4 [7.9 - 10.9],9.406666667,7.943268924,10.90354063
North Macedonia,2010,3.7 [2.7 - 4.7],3.703553738,2.669618059,4.700908643
Croatia,2021,10.2 [8.6 - 11.8],10.22497286,8.620554777,11.8458666
Malta,2012,7.0 [5.7 - 8.3],7.005438834,5.689997574,8.312156902
Portugal,2004,12.2 [10.3 - 13.9],12.15333333,10.3394449,13.91531435
Bulgaria,2001,9.2 [7.7 - 10.6],9.17409352,7.725028538,10.57675277
Croatia,2013,10.3 [8.8 - 12.0],10.34431574,8.79026148,12.04635307
Azerbaijan,2016,0.5 [0.2 - 0.8],0.45,0.151628397,0.783248261
Ireland,2018,10.9 [9.3 - 12.7],10.93666667,9.267395084,12.65701471
Uzbekistan,2013,2.1 [1.4 - 2.9],2.13,1.409942233,2.893111531
Tajikistan,2009,0.7 [0.3 - 1.1],0.677887263,0.260661058,1.081598652
Serbia,2021,7.8 [6.4 - 9.3],7.824432176,6.391292292,9.307944806
Sweden,2020,7.4 [6.1 - 8.8],7.4,6.092728596,8.767327392
Malta,2018,7.8 [6.4 - 9.2],7.770356554,6.392161877,9.17077456
Serbia,2003,9.2 [7.6 - 10.7],9.172281775,7.619313868,10.73336956
Armenia,2022,3.5 [2.5 - 4.5],3.479019551,2.510877879,4.450799311
Serbia,2011,9.2 [7.7 - 10.8],9.201536722,7.720587724,10.79916665
Iceland,2018,7.6 [6.3 - 9.1],7.626666667,6.274268337,9.148671522
Denmark,2011,9.9 [8.3 - 11.5],9.916666667,8.335770055,11.53785029
United Kingdom of Great Britain and Northern Ireland,2008,10.6 [8.9 - 12.2],10.63,8.885840187,12.19248065
Czechia,2006,13.7 [11.9 - 15.6],13.70666667,11.93325951,15.61685267
Belarus,2006,12.2 [10.4 - 13.8],12.15,10.35610037,13.84438213
Greece,2015,6.9 [5.6 - 8.2],6.873229234,5.565289944,8.179433096
Denmark,2015,9.5 [8.0 - 11.0],9.45,8.001065704,11.0329948
Netherlands (Kingdom of the),2011,9.0 [7.6 - 10.6],9.046666667,7.565681876,10.61817887
Latvia,2014,10.6 [8.9 - 12.3],10.61,8.926410617,12.33001188
United Kingdom of Great Britain and Northern Ireland,2006,11.1 [9.5 - 12.7],11.14,9.471137062,12.73327656
Belarus,2008,13.7 [11.7 - 15.4],13.72,11.74316907,15.41687159
Andorra,2001,12.7 [10.8 - 14.4],12.67833333,10.83112086,14.40029399
Kazakhstan,2004,3.3 [2.5 - 4.2],3.337171445,2.473913667,4.206230731
Croatia,2003,11.0 [9.3 - 12.8],10.99794624,9.283440606,12.81687734
Sweden,2013,7.3 [5.9 - 8.7],7.25,5.878153951,8.660491924
Iceland,2001,6.3 [5.1 - 7.5],6.326666667,5.054275505,7.522021375
North Macedonia,2012,3.7 [2.8 - 4.7],3.712339383,2.842304126,4.726489045
Bosnia and Herzegovina,2013,4.7 [3.6 - 5.8],4.657892564,3.606189587,5.849248523
Estonia,2013,17.3 [15.1 - 19.4],17.33333333,15.06324596,19.41029466
Belarus,2000,11.8 [10.2 - 13.6],11.81666667,10.24006135,13.61152955
Malta,2004,5.1 [3.9 - 6.2],5.065572743,3.89915922,6.207586765
Serbia,2017,8.1 [6.7 - 9.5],8.051917549,6.707019439,9.478764166
Estonia,2002,11.3 [9.6 - 12.9],11.3,9.631239119,12.87405294
Uzbekistan,2017,2.6 [1.8 - 3.3],2.556666667,1.768174983,3.31677502
Ukraine,2003,6.4 [5.1 - 7.7],6.410783145,5.14180497,7.650318195
Portugal,2003,12.3 [10.5 - 14.0],12.32666667,10.53521537,14.03725274
North Macedonia,2009,3.8 [2.8 - 4.8],3.805815286,2.815602618,4.785624402
Slovenia,2009,10.7 [9.0 - 12.2],10.66666667,8.953572929,12.23238413
Lithuania,2011,13.9 [12.1 - 15.9],13.92,12.05435882,15.90548056
Türkiye,2019,1.4 [0.8 - 2.0],1.386666667,0.815639672,1.959535034
Netherlands (Kingdom of the),2021,8.1 [6.7 - 9.5],8.083333333,6.703670245,9.467346849
Estonia,2007,17.4 [15.3 - 19.5],17.44333333,15.25017838,19.47667758
Finland,2004,9.7 [8.2 - 11.2],9.72,8.170850977,11.21765797
Bosnia and Herzegovina,2001,3.5 [2.5 - 4.4],3.492754924,2.482025345,4.392053014
Tajikistan,2008,0.7 [0.3 - 1.1],0.687703687,0.284015535,1.147312842
Belarus,2001,11.8 [10.2 - 13.6],11.81666667,10.24006135,13.61152955
Portugal,2011,10.6 [9.0 - 12.2],10.62,8.960617054,12.20604196
Turkmenistan,2005,3.0 [2.1 - 3.8],2.966325391,2.08276416,3.754376064
Serbia,2018,8.1 [6.8 - 9.5],8.119283256,6.76652868,9.515131426
Montenegro,2009,10.1 [8.5 - 11.7],10.07796675,8.456200603,11.68573072
Spain,2002,11.2 [9.4 - 12.9],11.16666667,9.446520297,12.8597057
Denmark,2021,9.5 [8.0 - 11.2],9.526666667,7.97443822,11.18469419
Luxembourg,2009,11.9 [10.0 - 13.6],11.88166667,9.957917239,13.62897703
Uzbekistan,2019,2.3 [1.5 - 3.1],2.326666667,1.54628196,3.102985524
Russian Federation,2016,7.6 [6.3 - 8.9],7.646666667,6.304671891,8.939287585
Italy,2017,7.6 [6.3 - 8.9],7.566666667,6.265674283,8.86122213
Russian Federation,2002,10.6 [8.9 - 12.1],10.60666667,8.875126208,12.14872568
Cyprus,2019,5.3 [4.1 - 6.5],5.332829382,4.142306048,6.491907437
Italy,2013,7.5 [6.0 - 8.8],7.463333333,6.028518839,8.785059021
Israel,2005,2.2 [1.6 - 3.0],2.23852621,1.561264009,3.020568531
Switzerland,2013,9.3 [7.6 - 10.9],9.26,7.649033446,10.87487899
Bosnia and Herzegovina,2020,5.0 [3.9 - 6.1],5.049934626,3.918472277,6.11759651
Albania,2006,4.8 [3.6 - 5.9],4.796442134,3.612295025,5.881701366
Turkmenistan,2022,2.9 [2.0 - 3.7],2.86136225,2.024677327,3.741852341
Serbia,2015,8.0 [6.6 - 9.4],7.999698868,6.597591792,9.422798922
Georgia,2002,4.6 [3.5 - 5.6],4.603994663,3.549715563,5.636189087
Greece,2012,7.6 [6.1 - 8.8],7.554490207,6.10460887,8.82079147
Italy,2009,6.7 [5.4 - 8.0],6.73,5.404970359,7.952306631
Greece,2001,8.3 [6.9 - 9.7],8.268550639,6.852623345,9.717793734
Türkiye,2009,1.5 [0.9 - 2.1],1.506666667,0.922154954,2.149757843
Ireland,2009,11.7 [10.1 - 13.5],11.70333333,10.14577202,13.52116215
Luxembourg,2022,10.5 [8.9 - 12.2],10.54833333,8.863971948,12.24134624
Belgium,2014,10.4 [8.9 - 11.9],10.42,8.903834105,11.86703346
Czechia,2020,12.9 [11.2 - 14.8],12.94666667,11.22292944,14.78130707
Cyprus,2003,6.8 [5.5 - 8.1],6.798506422,5.511896117,8.111129952
Netherlands (Kingdom of the),2010,9.1 [7.5 - 10.7],9.066666667,7.52662437,10.69087291
Croatia,2012,10.7 [9.1 - 12.3],10.65449637,9.072169441,12.26414381
Switzerland,2005,9.9 [8.3 - 11.4],9.893333333,8.347375266,11.39694827
Georgia,2011,7.4 [6.0 - 8.8],7.389798836,6.039365924,8.793000885
Czechia,2012,12.7 [10.9 - 14.5],12.71666667,10.9264158,14.5376726
Tajikistan,2013,0.8 [0.4 - 1.3],0.795233735,0.367252746,1.254569125
Ukraine,2004,6.5 [5.1 - 7.7],6.454385609,5.126540114,7.746334804
Croatia,2005,11.0 [9.4 - 12.6],11.00251831,9.382691557,12.61744504
Belarus,2011,13.7 [12.0 - 15.4],13.74666667,11.96350909,15.41371673
Italy,2004,8.6 [7.0 - 10.0],8.56,7.043591834,10.03846438
Netherlands (Kingdom of the),2002,9.7 [8.0 - 11.3],9.686666667,8.018621092,11.2665163
Belarus,2019,10.3 [8.6 - 11.8],10.25,8.624084025,11.82595802
Czechia,2004,13.7 [11.7 - 15.5],13.69,11.67989847,15.45981775
Finland,2022,8.0 [6.5 - 9.4],7.98,6.540072129,9.43051957
Belgium,2017,9.3 [7.9 - 10.8],9.316666667,7.908134192,10.7822963
Croatia,2006,11.2 [9.5 - 12.8],11.16304276,9.50425414,12.75137271
United Kingdom of Great Britain and Northern Ireland,2018,10.0 [8.4 - 11.5],9.97,8.416119624,11.52048998
Sweden,2017,7.1 [5.8 - 8.5],7.126666667,5.835995466,8.494622879
Spain,2020,9.9 [8.3 - 11.5],9.943333333,8.328793982,11.50557959
Belgium,2020,8.5 [7.0 - 9.9],8.546451098,7.01296881,9.932102986
Serbia,2007,9.8 [8.3 - 11.3],9.760584315,8.287769993,11.29463004
Georgia,2020,9.0 [7.4 - 10.5],8.976841303,7.443888106,10.51124247
Türkiye,2006,1.3 [0.7 - 1.9],1.316666667,0.712092949,1.878446395
Ukraine,2015,6.5 [5.2 - 7.8],6.493333333,5.207929599,7.833985393
Netherlands (Kingdom of the),2022,8.1 [6.7 - 9.5],8.083333333,6.703670245,9.467346849
France,2004,13.2 [11.2 - 14.8],13.15,11.17623943,14.83845725
Serbia,2013,8.8 [7.2 - 10.4],8.768884705,7.218934036,10.37863483
Turkmenistan,2017,2.9 [2.0 - 3.7],2.876690104,1.993805019,3.713679778
France,2016,11.8 [10.1 - 13.5],11.76666667,10.05892163,13.5167988
United Kingdom of Great Britain and Northern Ireland,2007,10.9 [9.2 - 12.5],10.92,9.169811597,12.51425277
Austria,2004,12.2 [10.3 - 14.0],12.22,10.27995688,13.95079814
Bulgaria,2002,9.4 [7.8 - 10.8],9.357812136,7.786716045,10.8066092
Kyrgyzstan,2010,5.8 [4.6 - 7.0],5.836666667,4.647040996,6.954849389
Denmark,2014,9.4 [7.9 - 10.9],9.426666667,7.873573215,10.90103584
Republic of Moldova,2005,8.8 [7.3 - 10.4],8.794327685,7.337397137,10.39693722
Lithuania,2001,10.4 [8.8 - 11.9],10.35666667,8.752754389,11.90117996
North Macedonia,2017,4.2 [3.1 - 5.2],4.207367179,3.145225768,5.249230995
United Kingdom of Great Britain and Northern Ireland,2009,10.3 [8.7 - 12.0],10.30333333,8.732352109,12.03236107
Slovenia,2006,11.5 [9.7 - 13.3],11.46666667,9.702465634,13.29000604
Andorra,2009,11.1 [9.4 - 12.8],11.095,9.360287842,12.77632528
Slovakia,2020,10.1 [8.5 - 11.6],10.06,8.527374062,11.60800571
Luxembourg,2008,12.0 [10.1 - 13.8],12.00333333,10.14264881,13.76567802
Serbia,2008,9.6 [8.0 - 11.0],9.577921198,8.000613293,11.0056925
Türkiye,2004,1.4 [0.8 - 2.0],1.39035048,0.775299155,1.988555149
France,2009,12.5 [10.7 - 14.2],12.46666667,10.67102911,14.22462713
Ukraine,2009,8.8 [7.4 - 10.2],8.753333333,7.356362398,10.24000197
Belarus,2005,11.7 [10.0 - 13.4],11.69,10.02696447,13.44060579
Bulgaria,2017,10.8 [9.3 - 12.5],10.84873604,9.349065385,12.46896683
Cyprus,2000,6.8 [5.5 - 8.0],6.758283854,5.453927807,8.007000944
Kyrgyzstan,2014,6.0 [4.8 - 7.2],5.973333333,4.763972901,7.225482731
Finland,2018,8.3 [6.8 - 9.8],8.3,6.827412504,9.755742161
Cyprus,2018,5.8 [4.6 - 7.0],5.805971555,4.622963988,7.042175455
Türkiye,2005,1.4 [0.7 - 2.0],1.35,0.708874545,1.950820913
Finland,2017,8.4 [6.9 - 9.9],8.39,6.926250133,9.926024753
North Macedonia,2021,4.7 [3.6 - 5.8],4.735339086,3.637543334,5.802371537
Uzbekistan,2002,1.4 [0.8 - 2.0],1.403999381,0.812207214,2.008463442
Sweden,2002,6.8 [5.4 - 8.0],6.753333333,5.441207723,7.978348641
Iceland,2008,7.3 [5.9 - 8.7],7.336666667,5.915925027,8.691661552
Serbia,2014,8.4 [6.9 - 9.9],8.358152276,6.877028776,9.86839513
Kyrgyzstan,2002,5.7 [4.5 - 6.9],5.74,4.453027906,6.879988991
Cyprus,2013,5.4 [4.2 - 6.7],5.447963862,4.191536363,6.706114417
Netherlands (Kingdom of the),2001,9.9 [8.3 - 11.6],9.906666667,8.310356506,11.61042498
Slovenia,2021,10.1 [8.5 - 11.6],10.1,8.459461852,11.64536592
Slovenia,2011,10.7 [8.9 - 12.2],10.66666667,8.895363293,12.16752521
France,2003,13.5 [11.6 - 15.3],13.50333333,11.58178972,15.3214746
Latvia,2011,10.0 [8.4 - 11.7],10.04666667,8.38781819,11.7209299
Lithuania,2000,10.4 [8.8 - 11.9],10.35666667,8.752754389,11.90117996
Slovakia,2018,10.1 [8.5 - 11.7],10.07333333,8.526840954,11.65867994
France,2020,10.8 [9.2 - 12.5],10.79666667,9.207111074,12.54083789
Germany,2012,11.3 [9.6 - 13.0],11.28,9.567045308,13.00184025
Slovenia,2020,10.5 [8.8 - 12.2],10.5,8.817211227,12.24417344
Norway,2018,6.0 [4.7 - 7.3],6.023333333,4.745128515,7.328942882
Cyprus,2007,6.2 [4.9 - 7.5],6.2389617,4.891130471,7.480904459
Belgium,2009,10.3 [8.5 - 11.9],10.3,8.54046005,11.85191106
Lithuania,2003,11.5 [9.7 - 13.2],11.46,9.699462658,13.23629204
Denmark,2019,9.2 [7.7 - 10.8],9.233333333,7.717377601,10.83388426
Switzerland,2010,9.6 [8.1 - 11.2],9.633333333,8.137044205,11.17308354
Russian Federation,2006,11.6 [10.0 - 13.5],11.59666667,9.959687262,13.49813248
Iceland,2019,7.5 [6.2 - 8.9],7.52,6.156685484,8.928878614
Lithuania,2015,13.3 [11.4 - 15.2],13.32,11.44827281,15.1699469
Lithuania,2005,12.6 [10.8 - 14.5],12.61,10.84708926,14.46281139
Bosnia and Herzegovina,2012,4.7 [3.7 - 5.8],4.68539259,3.670443931,5.81315603
Hungary,2010,11.2 [9.4 - 12.8],11.17,9.429949427,12.83323392
Belgium,2016,9.7 [8.1 - 11.2],9.696666667,8.140472141,11.19317446
Ukraine,2014,7.5 [6.2 - 9.0],7.49,6.216018217,8.956061505
Ireland,2016,11.0 [9.3 - 12.6],10.95666667,9.311731564,12.61464673
Republic of Moldova,2000,5.9 [4.6 - 7.0],5.885131108,4.614707934,7.010842731
Uzbekistan,2008,1.7 [1.1 - 2.4],1.72679163,1.089741866,2.382675852
Estonia,2018,11.8 [10.1 - 13.6],11.84666667,10.05379579,13.63680303
Turkmenistan,2008,2.7 [1.9 - 3.5],2.701781453,1.894921464,3.543941976
Israel,2004,2.2 [1.6 - 2.9],2.222374125,1.558699861,2.895664907
Ukraine,2013,8.3 [6.9 - 9.8],8.326666667,6.915735989,9.820681992
Spain,2022,10.3 [8.7 - 11.9],10.28333333,8.705060158,11.85612765
Denmark,2009,10.3 [8.7 - 11.9],10.3,8.683664681,11.9002395
Denmark,2000,11.5 [9.9 - 13.3],11.51,9.856080513,13.33997398
Austria,2010,12.0 [10.3 - 13.7],12.01666667,10.27897632,13.68653498
Slovenia,2022,10.1 [8.5 - 11.6],10.1,8.459461852,11.64536592
Hungary,2016,11.0 [9.3 - 12.5],11.02333333,9.34287119,12.5166696
United Kingdom of Great Britain and Northern Ireland,2014,9.5 [8.0 - 11.1],9.543333333,7.990853036,11.13900386
Cyprus,2006,6.2 [5.0 - 7.3],6.183954471,4.967813303,7.329555815
Estonia,2003,13.1 [11.3 - 15.0],13.10666667,11.3360587,14.96446038
Spain,2000,11.4 [9.7 - 13.0],11.36,9.688567681,12.97473147
Armenia,2017,4.1 [3.1 - 5.1],4.055788768,3.067749393,5.103175183
Russian Federation,2014,8.9 [7.3 - 10.3],8.896666667,7.339992488,10.28418231
Switzerland,2019,8.6 [7.0 - 10.0],8.59,6.993038755,10.02766082
Austria,2007,12.4 [10.6 - 14.2],12.38666667,10.58880756,14.18793861
Luxembourg,2021,10.5 [8.9 - 12.2],10.54833333,8.863971948,12.24134624
Kazakhstan,2002,3.0 [2.2 - 3.9],3.031055683,2.222628855,3.910777461
North Macedonia,2008,3.9 [3.0 - 4.9],3.898864013,2.957220495,4.860403841
Russian Federation,2017,7.4 [5.9 - 8.8],7.386666667,5.913655773,8.770131758
Spain,2014,8.9 [7.3 - 10.4],8.946666667,7.33822489,10.39753061
Sweden,2010,7.3 [6.1 - 8.7],7.333333333,6.050240752,8.696121655
Republic of Moldova,2013,8.6 [7.1 - 10.0],8.552948209,7.069696445,10.01688798
Kazakhstan,2001,2.9 [2.1 - 3.8],2.938017509,2.115535361,3.807009867
Germany,2011,11.3 [9.7 - 13.0],11.27666667,9.677832416,12.99470425
Finland,2006,10.2 [8.6 - 11.8],10.18666667,8.575463753,11.81983614
Switzerland,2022,8.5 [7.1 - 10.1],8.546666667,7.100067785,10.10794892
Ukraine,2020,5.4 [4.2 - 6.7],5.37,4.184972205,6.67047189
Luxembourg,2006,12.3 [10.4 - 14.0],12.295,10.3751589,14.03360855
Czechia,2000,13.8 [12.0 - 15.7],13.83,11.98483526,15.68232733
Italy,2011,7.1 [5.8 - 8.4],7.136666667,5.791827489,8.397454409
Azerbaijan,2007,0.5 [0.2 - 0.9],0.543505127,0.220499741,0.910552234
Greece,2018,6.7 [5.4 - 7.9],6.658262122,5.432628639,7.938578267
United Kingdom of Great Britain and Northern Ireland,2002,11.3 [9.5 - 13.0],11.31666667,9.529101206,12.95290403
Italy,2020,7.9 [6.5 - 9.3],7.86,6.50678969,9.2763703
Montenegro,2019,8.1 [6.6 - 9.5],8.103104063,6.612973374,9.540589342
Turkmenistan,2000,2.8 [1.9 - 3.5],2.755912844,1.903105938,3.546044819
Poland,2016,10.5 [8.8 - 12.0],10.49666667,8.804926715,12.0136411
Norway,2009,6.7 [5.3 - 7.8],6.673333333,5.304417251,7.818247809
Albania,2014,4.2 [3.2 - 5.2],4.15143811,3.19377034,5.230694968
Latvia,2020,12.6 [10.8 - 14.5],12.61,10.802917,14.46576236
Montenegro,2015,8.2 [6.6 - 9.6],8.159431605,6.608619283,9.581143173
Armenia,2010,4.0 [3.0 - 5.0],3.970318961,2.957211656,4.98216797
Albania,2010,5.1 [3.8 - 6.2],5.083159378,3.797895029,6.182528671
Israel,2012,2.7 [1.8 - 3.5],2.693104601,1.833636914,3.527746502
Norway,2012,6.3 [5.1 - 7.5],6.286666667,5.119506747,7.499859831
Poland,2007,10.3 [8.7 - 11.9],10.28666667,8.669132698,11.85244676
Spain,2021,10.3 [8.7 - 11.9],10.28333333,8.705060158,11.85612765
Ukraine,2008,8.9 [7.4 - 10.3],8.856666667,7.428599429,10.31558756
Italy,2018,7.8 [6.5 - 9.2],7.826666667,6.523030646,9.156110727
Slovenia,2005,11.1 [9.3 - 12.9],11.13333333,9.338632125,12.85529216
Andorra,2012,10.4 [8.8 - 11.9],10.36,8.805269113,11.88706548
Türkiye,2020,1.4 [0.8 - 2.0],1.413333333,0.787588959,2.049758709
Armenia,2021,3.5 [2.5 - 4.5],3.479019551,2.510877879,4.450799311
Sweden,2018,7.1 [5.8 - 8.5],7.123333333,5.823887459,8.50533755
Cyprus,2016,5.5 [4.4 - 6.7],5.548510308,4.41157798,6.740919139
Belarus,2022,10.8 [9.1 - 12.5],10.77333333,9.138768988,12.46785238
Greece,2007,8.4 [6.9 - 9.8],8.419189156,6.880692761,9.7881866
Uzbekistan,2006,1.7 [1.1 - 2.4],1.708236138,1.081657761,2.364292368
Kazakhstan,2015,3.5 [2.6 - 4.6],3.533333333,2.612821563,4.555882976
Luxembourg,2004,12.5 [10.7 - 14.3],12.49166667,10.65325708,14.27556847
Slovenia,2016,10.7 [9.1 - 12.3],10.7,9.147653061,12.3452267
Czechia,2016,12.9 [11.2 - 14.8],12.92333333,11.18935663,14.76698336
Azerbaijan,2021,1.2 [0.7 - 1.8],1.246666667,0.729284525,1.796606768
Ukraine,2019,5.8 [4.6 - 7.0],5.783333333,4.553621641,7.028669926
Croatia,2000,10.9 [9.2 - 12.7],10.94916198,9.195008126,12.65368013
Switzerland,2004,10.1 [8.5 - 11.7],10.12666667,8.477615218,11.74319776
Turkmenistan,2020,2.8 [2.0 - 3.7],2.835493506,1.9579784,3.677684275
Spain,2011,8.8 [7.2 - 10.2],8.763333333,7.242893653,10.20056532
Serbia,2002,8.9 [7.3 - 10.4],8.886676329,7.328398071,10.3548065
Croatia,2007,11.3 [9.6 - 12.9],11.26499343,9.617673575,12.92590178
Austria,2009,12.0 [10.3 - 13.6],12.04333333,10.32082538,13.58011993
Romania,2017,10.3 [8.8 - 12.0],10.28333333,8.797680484,11.97737305
Poland,2004,9.1 [7.6 - 10.6],9.103333333,7.621840407,10.57613693
Finland,2009,10.0 [8.4 - 11.6],9.98,8.40039709,11.56580913
Azerbaijan,2003,0.3 [0.1 - 0.6],0.340134617,0.094152156,0.635761012
Malta,2006,5.8 [4.6 - 7.0],5.830889132,4.632820831,6.997780447
Romania,2013,9.6 [8.0 - 11.1],9.62,7.984232566,11.14600634
Kyrgyzstan,2020,3.7 [2.6 - 4.6],3.666666667,2.600254759,4.631650103
Serbia,2009,9.4 [7.8 - 10.8],9.373718588,7.794368812,10.82969049
Bosnia and Herzegovina,2014,4.7 [3.5 - 5.8],4.655900981,3.494157506,5.767054959
Republic of Moldova,2017,8.3 [6.9 - 9.7],8.281923415,6.86847412,9.668830325
Spain,2019,9.9 [8.4 - 11.5],9.923333333,8.400648318,11.45034201
Lithuania,2021,11.4 [9.7 - 13.1],11.38333333,9.721134532,13.06482804
Finland,2021,8.0 [6.5 - 9.4],7.98,6.540072129,9.43051957
Albania,2022,4.4 [3.3 - 5.5],4.356262444,3.304244556,5.45177908
Spain,2015,9.7 [8.2 - 11.3],9.723333333,8.212343475,11.26036282
Ireland,2003,13.8 [11.8 - 15.7],13.75666667,11.79528834,15.65065073
Iceland,2022,7.9 [6.5 - 9.2],7.86,6.533374174,9.235298953
Montenegro,2017,8.5 [7.1 - 10.0],8.505708183,7.128217312,10.04596277
Slovenia,2017,10.2 [8.7 - 11.8],10.2,8.674371699,11.75801078
Poland,2002,8.3 [6.8 - 9.7],8.266666667,6.845780159,9.740195305
Türkiye,2021,1.5 [0.9 - 2.1],1.523333333,0.881707245999999,2.127669181
Finland,2014,8.8 [7.2 - 10.3],8.776666667,7.218602625,10.29541596
Republic of Moldova,2022,11.2 [9.6 - 13.0],11.24491091,9.562427443,12.96968147
North Macedonia,2013,3.7 [2.8 - 4.8],3.697913189,2.760509131,4.791045038
Malta,2022,5.8 [4.6 - 7.0],5.802026643,4.596811321,7.00407135
Bulgaria,2011,10.4 [8.7 - 11.9],10.41447305,8.73406289,11.92784413
Tajikistan,2010,0.7 [0.3 - 1.1],0.7011442,0.309311105,1.096594473
Switzerland,2017,8.7 [7.1 - 10.2],8.696666667,7.077243874,10.24076768
Sweden,2006,6.8 [5.4 - 8.0],6.773333333,5.441831833,8.001416573
Switzerland,2007,9.9 [8.2 - 11.5],9.913333333,8.230648137,11.52451433
Estonia,2016,15.1 [13.1 - 17.2],15.13666667,13.10070973,17.17734337
Bosnia and Herzegovina,2017,5.3 [4.1 - 6.5],5.278373116,4.138175569,6.454065794
Luxembourg,2002,13.0 [11.2 - 14.8],13.035,11.16676088,14.80384922
Greece,2021,6.2 [5.0 - 7.4],6.236011398,5.045419039,7.435265261
Finland,2015,8.6 [7.0 - 10.1],8.563333333,7.046947258,10.06620637
Tajikistan,2004,0.8 [0.3 - 1.2],0.756465075,0.309213174,1.206363707
Estonia,2000,10.4 [8.9 - 12.0],10.43,8.872575539,11.9768438
Bulgaria,2006,10.0 [8.4 - 11.5],9.975123299,8.425937136,11.51222192
Belgium,2000,11.5 [9.7 - 13.3],11.49468642,9.661364965,13.28778444
Georgia,2014,7.4 [6.0 - 8.8],7.394529632,6.002438387,8.774539106
Türkiye,2008,1.4 [0.8 - 2.0],1.436666667,0.829448015,2.029597417
Republic of Moldova,2001,5.9 [4.6 - 7.0],5.885131108,4.614707934,7.010842731
Republic of Moldova,2018,8.5 [7.2 - 10.0],8.505610724,7.158584297,10.02584774
Portugal,2010,11.2 [9.4 - 12.8],11.20333333,9.425222355,12.83840878
Hungary,2021,10.6 [9.0 - 12.0],10.55,9.032833746,12.03952604
France,2001,14.0 [12.1 - 16.0],13.99666667,12.11140676,16.03419027
Portugal,2005,12.0 [10.3 - 13.8],12.01666667,10.28717668,13.84143852
Turkmenistan,2014,3.0 [2.2 - 3.9],3.049548756,2.200115943,3.921802868
Andorra,2007,11.9 [10.2 - 13.7],11.93833333,10.16419789,13.67764616
Norway,2011,6.4 [5.1 - 7.6],6.413333333,5.088639034,7.63009094
Montenegro,2021,7.3 [5.9 - 8.7],7.270128841,5.943899089,8.653718202
Slovenia,2019,10.3 [8.7 - 12.0],10.3,8.725684849,11.9840886
Slovakia,2008,10.9 [9.2 - 12.5],10.88666667,9.151438219,12.47530271
Slovakia,2021,9.9 [8.4 - 11.6],9.943333333,8.367126391,11.56030134
Portugal,2020,10.0 [8.4 - 11.6],10.02507685,8.392809203,11.55372146
Uzbekistan,2009,1.7 [1.1 - 2.4],1.7,1.057710813,2.439831333
Ireland,2019,10.6 [8.9 - 12.2],10.61333333,8.927241916,12.21264289
Germany,2004,11.8 [10.1 - 13.7],11.83333333,10.12678081,13.68622276
Estonia,2020,11.6 [9.9 - 13.2],11.63333333,9.929350417,13.23802281
Uzbekistan,2010,1.7 [1.1 - 2.4],1.74,1.066015657,2.410768563
Montenegro,2002,10.3 [8.6 - 11.7],10.2666584,8.587226115,11.72369703
Croatia,2009,10.8 [9.1 - 12.4],10.79554833,9.135492611,12.42072838
Ireland,2020,10.2 [8.5 - 11.7],10.21,8.506947928,11.74780543
Kyrgyzstan,2018,4.6 [3.5 - 5.5],4.586666667,3.483418881,5.538556969
Israel,2016,2.5 [1.8 - 3.3],2.518460505,1.754772462,3.343070244
Türkiye,2001,1.5 [0.9 - 2.0],1.485854149,0.871658866,2.031755676
Andorra,2016,11.3 [9.5 - 13.0],11.25333333,9.495827163,12.97118278
Czechia,2009,13.3 [11.4 - 15.2],13.29333333,11.36104698,15.16971517
Republic of Moldova,2021,11.2 [9.6 - 13.0],11.24491091,9.562427443,12.96968147
Türkiye,2011,1.6 [0.9 - 2.2],1.556666667,0.87950846,2.188745148
Italy,2001,9.6 [8.1 - 11.1],9.566666667,8.052828839,11.11372568
Romania,2006,10.2 [8.5 - 11.9],10.20666667,8.529145554,11.88967975
Denmark,2006,11.0 [9.3 - 12.6],11.01666667,9.342460578,12.63145083
Denmark,2004,11.3 [9.6 - 13.0],11.32333333,9.628948631,13.01346087
Germany,2006,11.6 [9.9 - 13.3],11.63333333,9.905458067,13.26402408
Slovakia,2016,10.0 [8.5 - 11.5],9.963333333,8.452951412,11.50772983
Czechia,2022,13.0 [11.2 - 14.7],12.9927053,11.15574628,14.70113651
Serbia,2016,8.0 [6.6 - 9.4],7.953041717,6.623128822,9.424701715
Denmark,2016,9.4 [7.8 - 11.1],9.356666667,7.838667132,11.06077606
Greece,2002,8.2 [6.7 - 9.8],8.241113822,6.739009628,9.810795767
Estonia,2008,16.5 [14.5 - 18.6],16.49666667,14.48146852,18.60021654
Hungary,2006,12.9 [10.9 - 14.8],12.89666667,10.90337432,14.7635111
Romania,2014,9.6 [8.0 - 11.1],9.556666667,8.039159791,11.14322666
Uzbekistan,2001,1.4 [0.8 - 1.9],1.353299,0.779573258,1.941021566
Tajikistan,2018,0.9 [0.4 - 1.4],0.855771626,0.435626174,1.37363925
Russian Federation,2011,10.7 [9.0 - 12.3],10.72,9.012894657,12.27551682
Israel,2002,2.2 [1.5 - 2.9],2.214464822,1.485578729,2.943669495
Kyrgyzstan,2007,6.1 [5.0 - 7.2],6.146666667,4.950347599,7.224397931
Poland,2000,8.1 [6.7 - 9.5],8.05,6.716453552,9.518881011
Portugal,2017,10.2 [8.5 - 11.8],10.15198877,8.53560591,11.80264295
Turkmenistan,2004,3.0 [2.0 - 3.8],2.951571902,2.028208743,3.845152361
Latvia,2008,11.3 [9.5 - 13.0],11.27,9.508353142,12.98597912
Albania,2001,4.0 [3.0 - 5.0],3.976983151,2.998145781,4.971843902
Greece,2003,8.2 [6.7 - 9.8],8.216549765,6.699781523,9.758474555
Romania,2004,11.0 [9.2 - 12.8],10.98333333,9.203270912,12.7768041
Spain,2016,10.7 [9.2 - 12.4],10.74,9.18356796,12.37029195
Denmark,2022,9.5 [8.0 - 11.2],9.526666667,7.97443822,11.18469419
Iceland,2005,7.0 [5.6 - 8.2],6.98,5.624544654,8.249021627
Bulgaria,2013,10.3 [8.8 - 12.0],10.32456441,8.797388151,11.99838115
Andorra,2020,10.4 [8.7 - 12.0],10.37,8.729163493,11.96589755
Armenia,2015,4.1 [3.1 - 5.1],4.090576053,3.100468495,5.113858132
Lithuania,2020,11.1 [9.4 - 12.8],11.12666667,9.350970135,12.80722492
Norway,2013,6.2 [4.9 - 7.4],6.16,4.892576669,7.384021651
Germany,2003,12.0 [10.2 - 13.8],12.02,10.21507366,13.82553221
Slovakia,2003,10.2 [8.7 - 12.0],10.22666667,8.661360143,11.99886775
Finland,2000,9.0 [7.6 - 10.4],9.023333333,7.551498503,10.41580175
United Kingdom of Great Britain and Northern Ireland,2019,10.0 [8.4 - 11.5],9.953333333,8.405117638,11.49020915
Ukraine,2018,5.5 [4.3 - 6.7],5.506666667,4.30092938,6.651678701
Turkmenistan,2010,2.7 [1.9 - 3.6],2.741662251,1.917272937,3.567814005
United Kingdom of Great Britain and Northern Ireland,2003,11.4 [9.8 - 13.0],11.39666667,9.786535027,13.02057949
Iceland,2014,7.1 [5.6 - 8.6],7.146666667,5.636156161,8.611690564
Hungary,2020,10.6 [8.9 - 12.2],10.58333333,8.894133741,12.22075372
Republic of Moldova,2012,8.5 [7.1 - 10.0],8.54797792,7.148097633,10.02448192
Denmark,2018,9.2 [7.7 - 10.7],9.216666667,7.653079599,10.74097035
Israel,2013,2.6 [1.8 - 3.4],2.625790603,1.836668059,3.408135733
Azerbaijan,2010,0.7 [0.3 - 1.2],0.72,0.327159844,1.164042974
Croatia,2015,10.0 [8.4 - 11.5],10.02228326,8.389983218,11.5479013
Greece,2009,8.3 [6.9 - 9.8],8.256179872,6.863792479,9.752099959
Albania,2013,4.1 [3.1 - 5.2],4.138259266,3.148492497,5.236546253
Norway,2007,6.6 [5.2 - 8.0],6.606666667,5.239192495,7.973048185
Israel,2008,2.5 [1.7 - 3.2],2.465904329,1.669160017,3.24164623
Russian Federation,2001,10.2 [8.8 - 11.7],10.23333333,8.750047416,11.74679168
Slovenia,2008,10.9 [9.2 - 12.6],10.86666667,9.15718261,12.61322203
Czechia,2015,12.9 [11.1 - 14.7],12.91666667,11.08139141,14.71278347
Azerbaijan,2015,0.4 [0.1 - 0.8],0.42,0.14911036,0.752412363
Republic of Moldova,2015,7.9 [6.6 - 9.3],7.872381172,6.618846296,9.345783664
Sweden,2022,7.5 [6.2 - 9.0],7.543333333,6.217700642,8.975514837
Belgium,2012,10.2 [8.5 - 11.9],10.18666667,8.542472945,11.88726123
Serbia,2006,9.6 [8.1 - 11.2],9.62020228,8.143841708,11.17425686
Poland,2011,10.2 [8.6 - 11.7],10.17,8.570804539,11.72777215
Luxembourg,2011,11.8 [10.1 - 13.5],11.795,10.07211844,13.47798962
Croatia,2019,10.2 [8.5 - 11.7],10.15775909,8.474909066,11.71987822
Tajikistan,2019,0.8 [0.4 - 1.3],0.808987918,0.389225125,1.264666243
Türkiye,2014,1.4 [0.8 - 2.0],1.43,0.848550515,2.006637545
Turkmenistan,2007,2.8 [2.0 - 3.6],2.81300144,1.954591729,3.622136757
France,2022,10.6 [9.0 - 12.3],10.57,9.020705933,12.26260095
Denmark,2013,9.4 [7.9 - 10.9],9.353333333,7.911809299,10.87277288
Serbia,2020,7.9 [6.3 - 9.2],7.856436625,6.25859342,9.23791957
Georgia,2005,5.4 [4.1 - 6.5],5.366605611,4.120048818,6.467266998
Switzerland,2020,8.6 [7.2 - 10.1],8.63,7.243281488,10.13597218
Czechia,2021,13.0 [11.2 - 14.7],12.9927053,11.15574628,14.70113651
Azerbaijan,2017,0.6 [0.2 - 1.0],0.573333333,0.220762506,0.954461256
